date,monthly base,daily regime EMA100->50%,daily regime EMA100->33%,SPY
2019-07-01,1.0016083742464912,1.002352025818053,1.0032081606750662,1.0090778914521392
2019-07-02,1.0062538290645056,1.0055813729238334,1.0065120871101942,1.011706586292379
2019-07-03,1.0119641705361473,1.011349199098897,1.0144842853522582,1.0197951790385573
2019-07-04,1.0119641705361473,1.011349199098897,1.0144842853522582,1.0197951790385573
2019-07-05,1.009016007259587,1.0082815736758175,1.0117637546485376,1.018634438709907
2019-07-08,1.0084631098387227,1.0086349013785603,1.0100412542513248,1.0130376176288007
2019-07-09,1.0100862970845779,1.0101425885732507,1.0132277735957043,1.0142999572546554
2019-07-10,1.0138346162111136,1.0141866905735286,1.0191182228049764,1.0191465774096318
2019-07-11,1.011863992069888,1.011929196086528,1.017444394143029,1.021535599162582
2019-07-12,1.012002486190722,1.0115198199896476,1.0179773357878104,1.026108948274681
2019-07-15,1.0123904425397732,1.011827515882056,1.0181569788996472,1.0264504507821588
2019-07-16,1.0105295738668159,1.010152763309596,1.014907411212611,1.023139556357406
2019-07-17,1.0107834671272045,1.0105744962949426,1.013942563395267,1.0161773005538481
2019-07-18,1.0156856250420916,1.016002988558602,1.018758497537159,1.0198973536432203
2019-07-19,1.0086099754527884,1.0100647947020127,1.011512460710009,1.0142319559130384
2019-07-22,1.0086420997810186,1.0115154236066706,1.012018419658349,1.0167233823936352
2019-07-23,1.0093023720399832,1.0121067264501566,1.0137117183319895,1.0239928523801327
2019-07-24,1.0118011013297912,1.0141203009962136,1.0178990444756266,1.0288054143335545
2019-07-25,1.0071188426369375,1.009292659818565,1.0116519455753556,1.023890447652486
2019-07-26,1.0127235975877873,1.0142918496841902,1.019134398032294,1.0307506439128724
2019-07-29,1.0135790241777853,1.0148630597449475,1.0185274351812532,1.0288735307366632
2019-07-30,1.0122213466963692,1.0135531820146282,1.0176339131550838,1.026348046054512
2019-07-31,1.0073490041557986,1.007959060244168,1.0101309628239528,1.0151193101373195
2019-08-01,1.0064374933850835,1.007334587861791,1.007580581868129,1.0062797110345687
2019-08-02,1.004786743738474,1.004360517860362,1.003508525657333,0.9987029118036399
2019-08-05,0.9908005528653507,0.9894532112440505,0.9845648100768222,0.9686687557998176
2019-08-06,1.0015515579839331,0.9970506801522204,0.9905338751697991,0.9822523402069144
2019-08-07,1.0062167029294937,1.00120904135538,0.992665302754786,0.9828325953097478
2019-08-08,1.0183496571675488,1.0108134949233993,1.0018142690489074,1.002115635648581
2019-08-09,1.0177698447683523,1.0096015539266416,0.999312086872682,0.9952899578357158
2019-08-12,1.0060715061905823,0.9976802709981549,0.9872915949210556,0.9831737526327503
2019-08-13,1.011669350260083,1.002083669965636,0.9928694110570707,0.9984635839008258
2019-08-14,0.9978295670737308,0.9880452662180124,0.9729421449898569,0.9689420268426949
2019-08-15,1.003977241125118,0.9923638356840354,0.974258200241073,0.971501684787892
2019-08-16,1.0093723075815157,0.9979490294870029,0.9795265783830599,0.9858361604900694
2019-08-19,1.012032421476628,1.000865834951965,0.985447373875672,0.9977129227287288
2019-08-20,1.0113969042674302,1.000542715304621,0.9841972575864816,0.9900678920331993
2019-08-21,1.015363320698003,1.0050525440648648,0.9902466521605517,0.9981228868237902
2019-08-22,1.013802958505201,1.0034923370460695,0.987991877280519,0.9978156726408506
2019-08-23,1.003467575459073,0.9929508228078386,0.9727756538669111,0.9721836542494218
2019-08-26,1.0079154887373492,0.9962726766455764,0.97558152382931,0.9829351150988862
2019-08-27,1.0074462744820087,0.9958342649292845,0.9746582699032267,0.9790779087113626
2019-08-28,1.0086422818004595,0.9966396152789744,0.9760936954639561,0.9859727384807621
2019-08-29,1.0131616368230911,1.000617241181993,0.9829120712778543,0.9985663338129475
2019-08-30,1.0137147901608732,1.0014221175708131,0.9821811789816208,0.9981228868237902
2019-09-02,1.0137147901608732,1.0014221175708131,0.9821811789816208,0.9981228868237902
2019-09-03,1.019636705916994,1.0061649012961797,0.9844585990782501,0.992286507716886
2019-09-04,1.0244311246665776,1.0114900453981182,0.9929668877458827,1.003549301835633
2019-09-05,1.0128626708273343,1.0009246227024637,0.9862764929902925,1.0164503414737416
2019-09-06,1.0111524898774793,0.999194174396599,0.984310082007107,1.0172352909703763
2019-09-09,1.0054793404664435,0.9934649947135337,0.9789442507041674,1.0177471995471172
2019-09-10,0.9977695121284924,0.9858616784888273,0.9720070650650574,1.0175082168287781
2019-09-11,0.9989715697123126,0.98823993019751,0.9749906339491339,1.0247439737981965
2019-09-12,0.9996549515670521,0.9893681101135028,0.9753621677589452,1.0282933906953216
2019-09-13,0.9915662894140419,0.9820623404874813,0.9674693912892455,1.0276109609878252
2019-09-16,0.9953003062403841,0.9871034441036314,0.9747478051561715,1.0244365294922733
2019-09-17,1.0005204939073404,0.9924299001797842,0.9794892800535285,1.0270308209464838
2019-09-18,1.0008135713658293,0.9924624801458763,0.978736307967593,1.0276450191893798
2019-09-19,1.0055794201461807,0.99753426839507,0.9835848057451935,1.0275767877247792
2019-09-20,1.010241850946854,1.002041864371057,0.9874698789042615,1.0227216530194143
2019-09-23,1.013166359036769,1.0043535557613255,0.9900641037067157,1.022481404624666
2019-09-24,1.0159232529502495,1.0055015105081284,0.9889723952140269,1.014458051744303
2019-09-25,1.0089558465261088,0.9989895705039461,0.9838232363236079,1.02045816335395
2019-09-26,1.0119083220109268,1.0020589367314805,0.9859408760957179,1.0183328625400625
2019-09-27,1.008298051247539,0.9979248475537164,0.9805718840587889,1.0128469607369914
2019-09-30,1.0057083178462511,0.9956331363980733,0.979324320014184,1.017543885891217
2019-10-01,1.000249646127619,0.9899049746178427,0.9713026677346862,1.0054404525138343
2019-10-02,0.994370648599648,0.9835088611142192,0.9613300880258107,0.987679790772183
2019-10-03,0.9987668319542524,0.9877007733354246,0.9659968615545612,0.99577160524013
2019-10-04,1.0080704023519438,0.9947404741080426,0.9728420278401587,1.009246686660518
2019-10-07,1.0046324898468468,0.9908379556041682,0.9688980860385612,1.0048920694442123
2019-10-08,0.9993362110075817,0.9845883342401744,0.9591810376548411,0.9892913420254615
2019-10-09,1.0020951923798607,0.9862702289454667,0.9619382274762183,0.99868634294883
2019-10-10,1.002639071332125,0.9877693606639955,0.964140610221129,1.0054404525138343
2019-10-11,1.0036514745020093,0.989673091212436,0.9685957077564987,1.0158639881118463
2019-10-14,1.002955925863976,0.9885716154819595,0.9665854009009126,1.0147325884635892
2019-10-15,1.0031754981938816,0.9900787402324072,0.9686649599358135,1.0247787223687013
2019-10-16,1.0037928134373864,0.9905006769916932,0.9679189325107093,1.0231329978523767
2019-10-17,1.006588511593492,0.9929178033264846,0.9716379248951701,1.026150255350215
2019-10-18,1.009225228018391,0.9942921120192868,0.9716109225940943,1.0216588300202332
2019-10-21,1.0106780980600303,0.9958889047221295,0.9746744802080423,1.0285844962694182
2019-10-22,1.009490640848246,0.9943097560369395,0.9733207288117247,1.025224585649185
2019-10-23,1.0099706395790449,0.9946518704958721,0.9747953396716637,1.0282075548224856
2019-10-24,1.0128575812579526,0.9979168697573552,0.9790626661316926,1.0298873375403645
2019-10-25,1.0095723580719564,0.9956758376538285,0.9779528992521588,1.034104801458519
2019-10-28,1.0071633673935687,0.9938759077192119,0.9763099222816171,1.039933816629952
2019-10-29,1.0078822872685114,0.9945348203037601,0.976751232523308,1.0396252217091115
2019-10-30,1.0110164677628588,0.9976227412903421,0.9801367737097323,1.0428140358911304
2019-10-31,1.0111974272328415,0.9972214301955483,0.9786268353280559,1.040036451480582
2019-11-01,1.0178415551098408,1.0045518336249304,0.9874199331711078,1.0496717007986984
2019-11-04,1.0103094332167557,0.9974639849550796,0.9819317713029228,1.0538883592864108
2019-11-05,0.9997116053194094,0.9878785056305385,0.9730268394699408,1.0527231315595829
2019-11-06,1.00200757436997,0.9897789468334495,0.9740954416682784,1.0529629197083643
2019-11-07,0.9925672867122728,0.9809262275048433,0.9667275391485223,1.056665713573976
2019-11-08,0.9893539646367614,0.9785599260387647,0.9645315644218194,1.0592718563618355
2019-11-11,0.9888579090847937,0.9789006873414771,0.9640343873231778,1.0572489602755948
2019-11-12,0.9910825227214662,0.9816407050308343,0.9660967285404297,1.0594773561860793
2019-11-13,0.9947669889108509,0.9855283294400876,0.9692639331513211,1.0598206996774246
2019-11-14,1.0009822617925836,0.9912307735030698,0.9745960477391652,1.061362983912677
2019-11-15,1.000963683326387,0.9916968415561175,0.9765694876871627,1.0690439137936287
2019-11-18,1.005640553301324,0.9960545370089461,0.9806110127670665,1.0698320850120322
2019-11-19,1.0071212052115452,0.9982706420575307,0.9821263290235798,1.0695233750297
2019-11-20,1.0062846546158968,0.998114025782259,0.9823521730641838,1.0655465046907688
2019-11-21,0.9988849165992111,0.9906407401407378,0.9756839281085091,1.0638317432794018
2019-11-22,0.9983548630616735,0.9900672518001393,0.9760490098805569,1.0661980979184797
2019-11-25,1.0049418473804776,0.9962172645354119,0.9838807849208029,1.0744611238861324
2019-11-26,1.0129415033360143,1.004250586068507,0.9913939020191983,1.0768954798668273
2019-11-27,1.0136664399378812,1.0043666228276154,0.9929643815000164,1.0816956151791415
2019-11-28,1.0136664399378812,1.0043666228276154,0.9929643815000164,1.0816956151791415
2019-11-29,1.0103861499836218,1.001242990314157,0.9886103606564856,1.0776841113311975
2019-12-02,0.9990833417927257,0.9892272167693538,0.9752777619691523,1.0685292437410858
2019-12-03,0.9969556720925751,0.9878638916241255,0.9720335698495487,1.061362983912677
2019-12-04,1.0018083231694273,0.9930473378681605,0.9786604084291185,1.06791239908388
2019-12-05,1.003471753554025,0.9949782027382861,0.9801826546915542,1.069832085012032
2019-12-06,1.0079358593831147,0.9999944186627483,0.9869586309359241,1.0796040273823333
2019-12-09,1.005774661605493,0.9977099911240374,0.985457539184373,1.0762095983145787
2019-12-10,1.0045333039544455,0.9963095520686572,0.9837281051327986,1.0750095069557541
2019-12-11,1.010035836029326,1.0011892220774645,0.9885705505587944,1.0780612829011138
2019-12-12,1.013370909669928,1.004098847252984,0.9934842049165344,1.0873529586049016
2019-12-13,1.0136984881350908,1.0041055373839707,0.9934761356941512,1.0880045518326125
2019-12-16,1.0186533728916234,1.0095325096985555,1.000152959245996,1.095478946335895
2019-12-17,1.0168987391211823,1.0075152441576105,0.9992875918393304,1.0957190796691514
2019-12-18,1.0169043103221687,1.0067395481224957,0.9991075958194408,1.0957878864412105
2019-12-19,1.0201766480378356,1.0093530704883575,1.0035599837687064,1.1002794268326843
2019-12-20,1.0239032848137999,1.012834578483516,1.0076240580181486,1.1051032648122965
2019-12-23,1.0241780628162394,1.0135707803474894,1.0091453348617128,1.1067913319575806
2019-12-24,1.0263100187547258,1.0159075021982158,1.0118701974146525,1.1068259654665935
2019-12-25,1.0263100187547258,1.0159075021982158,1.0118701974146525,1.1068259654665935
2019-12-26,1.0306628020545814,1.019841990466606,1.0171298229607089,1.1127178042125152
2019-12-27,1.03093178679334,1.0203478562086743,1.0162170007325018,1.1124422319398035
2019-12-30,1.0275139218281073,1.0160669581611605,1.0104927269326012,1.1063091092457078
2019-12-31,1.029938388509214,1.0191638653657606,1.013239894860813,1.1089968306312092
2020-01-01,1.029938388509214,1.0191638653657606,1.013239894860813,1.1089968306312092
2020-01-02,1.037137691627578,1.0253559004438006,1.0208118902635006,1.1193678981889887
2020-01-03,1.034120904486267,1.0229577554984821,1.0173745332702224,1.110891663277146
2020-01-06,1.035209855430379,1.0242945778831982,1.0198274292802818,1.1151297232023212
2020-01-07,1.034064964922879,1.023532683140524,1.0186619949694358,1.1119944126139603
2020-01-08,1.036407946913374,1.0263319330892724,1.0216102428013991,1.1179206547459115
2020-01-09,1.0415511599970633,1.0312764223102646,1.027067389305806,1.1255007907601011
2020-01-10,1.0431638717011618,1.0335185047871633,1.028448224466284,1.1222621549521594
2020-01-13,1.053902040834562,1.0443948184528744,1.0396326971828782,1.1299803647564342
2020-01-14,1.054944710445818,1.046561494639208,1.0411870319943746,1.1282575490406452
2020-01-15,1.0608004156991344,1.0535299821398334,1.0473227754933803,1.1308073116975532
2020-01-16,1.070725795929496,1.0634681735363583,1.0586295695401329,1.140213588647112
2020-01-17,1.0747295277126452,1.0681476754556218,1.062927534232625,1.1437628904827457
2020-01-20,1.0747295277126452,1.0681476754556218,1.062927534232625,1.1437628904827457
2020-01-21,1.0744935048275703,1.067206602444211,1.0601449911992373,1.1415229884230875
2020-01-22,1.078029302529469,1.071455174462602,1.0642239185522682,1.1416608320901893
2020-01-23,1.0800863015223239,1.0729967665367963,1.0653187429981632,1.1429701168046729
2020-01-24,1.072906439035794,1.0649333048106389,1.0555132928404538,1.1328054695630707
2020-01-27,1.0530745701229787,1.0459325279559957,1.0328749812743143,1.114647500490449
2020-01-28,1.0659220903368625,1.0576279389733243,1.0469460641158617,1.126327967824204
2020-01-29,1.0652815665500386,1.0574549338651973,1.0457199780060267,1.1253975806020127
2020-01-30,1.063527068696758,1.0559615771500972,1.0440105083983044,1.1290500925957347
2020-01-31,1.0410617038083878,1.0335395492509485,1.0200671643704338,1.1085487811823826
2020-02-03,1.0488543455856534,1.0421915360564218,1.0286255848259735,1.1167836170845595
2020-02-04,1.0619455435732235,1.0564230998544566,1.0448204140258397,1.133805008741796
2020-02-05,1.0686548091783108,1.0630469153774469,1.053711568095288,1.1468976257636478
2020-02-06,1.0707534070174216,1.0653302790047423,1.0564209639513484,1.1507570183195146
2020-02-07,1.0658598709660994,1.060474476346637,1.0503251959233568,1.1446241257484022
2020-02-10,1.0750480270759626,1.0704431157203569,1.0606031740912298,1.1531691674323044
2020-02-11,1.0818082800428948,1.0778294394286583,1.06772259597088,1.155167440359313
2020-02-12,1.088418379358331,1.084867359622139,1.076196316192725,1.1626100778908761
2020-02-13,1.0904745086559127,1.0868798108374618,1.0772509095726823,1.16136948488696
2020-02-14,1.095961718743124,1.0929032383322057,1.0829732678164918,1.1632299141468672
2020-02-17,1.095961718743124,1.0929032383322057,1.0829732678164918,1.1632299141468672
2020-02-18,1.0975191280262713,1.0945732500874974,1.0847214176879927,1.1602324472256078
2020-02-19,1.107486986881911,1.1045256119879616,1.0962982356877797,1.1657799069267585
2020-02-20,1.1073647834423757,1.104730399673293,1.096408895688797,1.1609904723331756
2020-02-21,1.0983983988354455,1.0958879159231811,1.0855057020971286,1.1490344327267092
2020-02-24,1.0659087524821196,1.0617913047639005,1.044951481635679,1.1109261817246674
2020-02-25,1.0398610648219166,1.0337360485163274,1.0115067656842829,1.0772626410869621
2020-02-26,1.0333156106321109,1.0305212149091632,1.007559179406312,1.0733002684959903
2020-02-27,0.9965865377073883,1.0068619055039545,0.9833655060412033,1.0250966372703725
2020-02-28,0.9820527701935139,0.9980666818145856,0.9745229932406207,1.0207895404501544
2020-03-02,0.9937339150157171,1.0084822853683624,0.9913431775993247,1.064996740883246
2020-03-03,0.9973477965152355,1.0074573630523103,0.9841387875295067,1.034503029281423
2020-03-04,1.0081597525290416,1.0199197345134166,1.0014683311458046,1.0779862628085006
2020-03-05,1.0043953723156152,1.013867270673556,0.9864499284260384,1.0421523172521467
2020-03-06,1.0077189543978209,1.0131473061197853,0.9774642806669204,1.0249243902172411
2020-03-09,0.9776488326152439,0.9824444746379465,0.9257159774998778,0.9448833592892875
2020-03-10,0.9751546148126518,0.9882460287570052,0.9468930736114124,0.9937763239119057
2020-03-11,0.9429769612563867,0.9633830789205338,0.9141447542943932,0.9453314087381139
2020-03-12,0.8861711393498632,0.9135380111175068,0.8527026545565713,0.8548845616818759
2020-03-13,0.9158603692785495,0.9399797335607813,0.8899857160812579,0.927965407913123
2020-03-16,0.8746231462449187,0.8997639270724623,0.8274809610355098,0.8264240441698048
2020-03-17,0.8698773054130533,0.9077098278673397,0.8446770558923604,0.8710443728889802
2020-03-18,0.8157570851471498,0.8709643162382723,0.8060599114919931,0.8269409003906905
2020-03-19,0.8060152879593302,0.8703508531510942,0.8117457784597227,0.8286982920847465
2020-03-20,0.813208456733623,0.8697585560365855,0.8031518755458298,0.7929860815866512
2020-03-23,0.8441033441695196,0.8866826377931011,0.8079206056050512,0.7727108660045637
2020-03-24,0.8774938693319884,0.9202013142269342,0.8526142491309293,0.8427210086750604
2020-03-25,0.9003533408288539,0.9368875929739648,0.8705180603727511,0.8553366958136595
2020-03-26,0.9204549231035394,0.954033184228034,0.8940343041502543,0.9052794239561469
2020-03-27,0.9114553646543947,0.943296766105379,0.877457986706845,0.8783153386748707
2020-03-30,0.9229781318453243,0.9536181528633698,0.8895189046952899,0.9068391975381435
2020-03-31,0.9164352052172617,0.9484244293565944,0.8850699161909706,0.8933224063270004
2020-04-01,0.916298977055752,0.9432693717231561,0.8652399057896747,0.8531184828451938
2020-04-02,0.9170138846345686,0.947077485807135,0.8728597075320246,0.8728045260588382
2020-04-03,0.9163693025423603,0.9459429437820626,0.8689162085017152,0.8601888964509851
2020-04-06,0.9163791483708345,0.9541485271719468,0.8949688831296633,0.9179646657665015
2020-04-07,0.916225372335517,0.9541436913822559,0.8976038665893328,0.9189003458173127
2020-04-08,0.9160956846494565,0.9557228541349044,0.9115755158963639,0.949746433237582
2020-04-09,0.9178097034471983,0.9571462531403747,0.9178972221673488,0.964199019561028
2020-04-10,0.9178097034471983,0.9571462531403747,0.9178972221673488,0.964199019561028
2020-04-13,0.918442765521358,0.9580865248903963,0.9135088822265148,0.9553957798896666
2020-04-14,0.9181392692017687,0.9615673019883608,0.9235680049840348,0.983572900947588
2020-04-15,0.9194234135398163,0.960635208586874,0.9129819453020059,0.962674109611028
2020-04-16,0.9195686220480811,0.9622166095675374,0.9144252093422077,0.9673181640098001
2020-04-17,0.9181725354609955,0.9637103057608774,0.9254402661964736,0.993450699890288
2020-04-20,0.9189088175659298,0.964261945046966,0.9210394791492884,0.9759482361360962
2020-04-21,0.9185154989862738,0.9587460177700157,0.9070611461316868,0.946315414615455
2020-04-22,0.9186433320931255,0.9626439511168974,0.9161700498341855,0.9673181640098001
2020-04-23,0.9186046219818186,0.9623525502556446,0.917464631636023,0.967248896991774
2020-04-24,0.9177216053994391,0.9646003975513638,0.923116661954552,0.9807312272861416
2020-04-27,0.9155368256741382,0.9647975600461217,0.9317391866895174,0.994871709313249
2020-04-28,0.9167435905665442,0.964089051307028,0.9334996945072126,0.9902969794632489
2020-04-29,0.9153036089635987,0.9671179044498537,0.9472974405280409,1.0162210239207077
2020-04-30,0.9147771675043452,0.9650868669652048,0.9409133753278923,1.0067594023936233
2020-05-01,0.9094213513843125,0.9581746690973828,0.9264690737457532,0.9801071337549561
2020-05-04,0.9142579458671994,0.9622352824873189,0.930874988438433,0.9828107336263172
2020-05-05,0.9213550778268225,0.9685222664250128,0.9384846638622,0.991891041369783
2020-05-06,0.9169886211332117,0.9655830334651482,0.9359737313997243,0.9851670779156141
2020-05-07,0.9263435625383648,0.9740647407602715,0.9467349487431201,0.9970552312419555
2020-05-08,0.9272185747100827,0.9775394334630152,0.956513329977396,1.0135525178043265
2020-05-11,0.9295604979123098,0.9798542736319443,0.9589496119050691,1.0137605489813883
2020-05-12,0.9259859189946821,0.9747355362328709,0.9475130950063009,0.9935547154788188
2020-05-13,0.9235046121088379,0.9708549748834753,0.9377258992675912,0.975982869645109
2020-05-14,0.928839896165747,0.9756789802935433,0.9443237019831113,0.9876627616714052
2020-05-15,0.9359804968187763,0.9813697562922006,0.9515853422799146,0.9922030881353757
2020-05-18,0.9406898132291935,0.9882743244352163,0.9709568281738535,1.022425024493714
2020-05-19,0.9427637299934234,0.9894259892288304,0.9701435509797244,1.0119235922657956
2020-05-20,0.948650564229166,0.9959008496230607,0.9814268355967122,1.0291145845618535
2020-05-21,0.94354033174976,0.9899599303890213,0.9766926562854894,1.0220091922625738
2020-05-22,0.9480956985845116,0.9946073583501049,0.9825834710449309,1.0239502796281892
2020-05-25,0.9480956985845116,0.9946073583501049,0.9825834710449309,1.0239502796281892
2020-05-26,0.9415693314362348,0.9894328684445544,0.9823179715935478,1.0365657366438046
2020-05-27,0.9407369879883438,0.9887170354504541,0.9864067130383732,1.0519888091193124
2020-05-28,0.9426268056310574,0.9916852704643434,0.9843100089826332,1.0500479518766803
2020-05-29,0.9529271066930933,1.0025469408778611,0.9980139346101746,1.0547269274381947
2020-06-01,0.9641787159797024,1.0145867853716695,1.0122087296290603,1.0589898406455855
2020-06-02,0.9639410992661653,1.0140016978343933,1.016452088577376,1.0677586769309173
2020-06-03,0.9577183248498023,1.0089828228078737,1.016905598490599,1.0819681958530674
2020-06-04,0.9476862796927055,0.9997921092895932,1.005673419115032,1.079126407130129
2020-06-05,0.9506191314419823,1.0020394169947628,1.0172254639250962,1.1067838529606169
2020-06-08,0.9609326934869515,1.0126437368763104,1.0322600990101118,1.1201621676664535
2020-06-09,0.9634410647335383,1.0130958138414303,1.0280387574891536,1.111809508796737
2020-06-10,0.9769637926816462,1.0245884050289706,1.0372661481579468,1.1056056232852225
2020-06-11,0.9413403301140595,0.9860052765803766,0.9806160104485119,1.0418684605520288
2020-06-12,0.94821885822009,0.9930253728919962,0.9928493076716562,1.0543454985930838
2020-06-15,0.9613298963556636,1.0048343243469786,1.0098571052755876,1.0641886640267706
2020-06-16,0.9696542207901866,1.0127422052820256,1.023576665703611,1.0846716806629362
2020-06-17,0.9729431255990443,1.0152447972534524,1.024269963223476,1.0801661027694704
2020-06-18,0.9745590434992121,1.0172876719859267,1.0246885536109882,1.0805823952465776
2020-06-19,0.9815795578100243,1.023597951450051,1.0296931833843126,1.0744066998005388
2020-06-22,0.9971429783088064,1.039150453509682,1.0464754407793488,1.0812989982171202
2020-06-23,1.0047689944086304,1.046634694152205,1.0543564413435111,1.0862772487186445
2020-06-24,0.9872101843883078,1.0291977430311992,1.0282648506283125,1.058567449909416
2020-06-25,0.9975397131525209,1.0396881346808236,1.040754924154321,1.0699159648395076
2020-06-26,0.9878647461072767,1.0301894727038865,1.0263047216061596,1.044504059081773
2020-06-29,0.9912972397272266,1.033166631908952,1.0350110649845523,1.0598555633094198
2020-06-30,1.005536227705154,1.0457015643031804,1.0516375575250654,1.0734321289655206
2020-07-01,1.0136771589850457,1.053772712770047,1.0603553039845504,1.0809510522661057
2020-07-02,1.018702865537421,1.0591067788320463,1.0674982312289856,1.0869038736026486
2020-07-03,1.018702865537421,1.0591067788320463,1.0674982312289856,1.0869038736026486
2020-07-06,1.0367327142064948,1.0764380281112762,1.0904321322857997,1.1036827156353017
2020-07-07,1.0391827898914263,1.079176435214634,1.089974014273545,1.0922994521347054
2020-07-08,1.0557147535719102,1.0944759303746299,1.1087289210114473,1.100654067049781
2020-07-09,1.060183751830284,1.0986378083587016,1.108693182898349,1.0943881633942203
2020-07-10,1.0579019557556646,1.096735869374014,1.109953503195506,1.1055623601643292
2020-07-13,1.0406862096481344,1.0808490316005124,1.0887906784208499,1.0959892440517507
2020-07-14,1.0499758736578821,1.0899813050252538,1.103093005823676,1.1101924345918552
2020-07-15,1.0563996096174235,1.097797661988877,1.115768469164254,1.1203919454654538
2020-07-16,1.0435597028629378,1.0859853452208046,1.1032309551052375,1.1167021535484085
2020-07-17,1.0535584066369588,1.096219656340785,1.1147548122286965,1.1199395236799412
2020-07-20,1.075181333460904,1.1171382083771413,1.137100821896616,1.1289902606200306
2020-07-21,1.0740595703152716,1.1166594217364825,1.1399492730361473,1.1313922843215474
2020-07-22,1.080601551956003,1.1233091541887716,1.1499054194779965,1.1378323910755994
2020-07-23,1.0679971652812796,1.1120061965555643,1.1368606134760844,1.1242562856654656
2020-07-24,1.061515958537645,1.106338724947131,1.129334812522723,1.1170151208059356
2020-07-27,1.082800633159674,1.1275231685884075,1.1554029310169462,1.1251612442979826
2020-07-28,1.0740991438075385,1.1197406955399012,1.1434560659658677,1.1180247853959342
2020-07-29,1.0848753699232216,1.1291785601223614,1.1589312479589493,1.1317752089660507
2020-07-30,1.0849873622480066,1.1284354428712364,1.1560654428460804,1.1277368957905318
2020-07-31,1.0887266686596913,1.1300822349136337,1.1571990544196942,1.1366487535100938
2020-08-03,1.1093775997532214,1.1528964349746482,1.1820636429384426,1.1445506014551818
2020-08-04,1.1259401527823854,1.1692248668545784,1.1997404936325409,1.1489719543366954
2020-08-05,1.1377956466977304,1.1820082385002928,1.2158674756195902,1.1561082981772524
2020-08-06,1.1453800945776904,1.1904932766641132,1.223947873892432,1.163836173146833
2020-08-07,1.1250300287728254,1.1702312556831431,1.2045309543233942,1.1646717496998324
2020-08-10,1.1244940959522305,1.1700321953155857,1.2053054444958342,1.1681528200708655
2020-08-11,1.0932224626909095,1.13871345197898,1.172153369927712,1.1585102068172775
2020-08-12,1.1140364393190152,1.1605957518514534,1.1968478815148935,1.1746623089044355
2020-08-13,1.1257745360527063,1.1721193872871223,1.2082802378014783,1.172538734012924
2020-08-14,1.1191468161454228,1.1650711695643379,1.2014101525507457,1.1725734825834289
2020-08-17,1.1432139007998317,1.1886547422197813,1.2285998931435096,1.176298368255454
2020-08-18,1.1488247043671864,1.1944231702888761,1.2334146475637906,1.1788398464849568
2020-08-19,1.1390277746732023,1.1851206902102023,1.2228168099766428,1.1739313232474256
2020-08-20,1.1468462501115992,1.1920194018218297,1.229509677010301,1.1775863665939659
2020-08-21,1.1463666979522544,1.1923720579207608,1.2292654849497964,1.1817637891129957
2020-08-24,1.1501232063707485,1.1971246843095698,1.2359083532129085,1.1937386988041074
2020-08-25,1.159811308532334,1.2079025757684052,1.2472116779722815,1.1979162363846287
2020-08-26,1.1822392272133606,1.2303446191733622,1.26994291557532,1.2099257795847536
2020-08-27,1.174336308393412,1.2227664751069074,1.260985318145714,1.2125716185872626
2020-08-28,1.1886667328529184,1.2380414239478845,1.2767779555465786,1.2204037392683575
2020-08-31,1.1919191431859006,1.2413342014931394,1.2768769967813296,1.2159830767557942
2020-09-01,1.209187724714306,1.2600153333078628,1.2981041675428409,1.2274359524588918
2020-09-02,1.213921895523819,1.2651591137945226,1.3051411007467304,1.2451894803880554
2020-09-03,1.1589445297316967,1.20551637858206,1.2364593906841883,1.2023372440816673
2020-09-04,1.1422389559643238,1.1877389101419211,1.2156481608381673,1.19252054279108
2020-09-07,1.1422389559643238,1.1877389101419211,1.2156481608381673,1.19252054279108
2020-09-08,1.1067069761879738,1.1496677541895959,1.172429242898596,1.1599374295607918
2020-09-09,1.1382295203675061,1.1832846883744628,1.2104766059792702,1.1828429508440035
2020-09-10,1.121123566375484,1.1645866344286222,1.1883772874194605,1.1623045896303121
2020-09-11,1.1171238709882862,1.1607339267633483,1.1842788832761726,1.1628961207593356
2020-09-14,1.144826347295072,1.1903374493760184,1.2180467674757485,1.178213106539461
2020-09-15,1.1618380313496448,1.209540212006393,1.2370627141683612,1.1841655826915285
2020-09-16,1.1560798309467248,1.2024503742900619,1.233074418859098,1.1794662412459764
2020-09-17,1.144510535835243,1.190527506188564,1.2185492285106678,1.169092527273887
2020-09-18,1.1411299805553805,1.1877365362557029,1.2133237421566447,1.1556327490319
2020-09-21,1.1317441137867754,1.1760716785831768,1.1963698912387069,1.1427715206699327
2020-09-22,1.1414653591685442,1.1859319358512272,1.2098429364774803,1.154410105620695
2020-09-23,1.1082913941130217,1.150047027249701,1.1663145339506578,1.127637942907637
2020-09-24,1.11006140111643,1.1521705921142833,1.1685685923488671,1.1306438093177933
2020-09-25,1.1291533919957326,1.1723037130535583,1.1905399245702877,1.1489228230797228
2020-09-28,1.1496029217576114,1.1947743334215133,1.2182524482702888,1.168005771484424
2020-09-29,1.1572051707838311,1.202571262177547,1.2237879409054848,1.1616449420981794
2020-09-30,1.1598288936762298,1.2046602804707573,1.228312598654475,1.1704522089217515
2020-10-01,1.1802120037988195,1.2264269124888982,1.2527093783925882,1.177966529762667
2020-10-02,1.161134543342663,1.2047315809410013,1.2311753536281427,1.1667824377042686
2020-10-05,1.1889303959090372,1.234938992050188,1.267431527095249,1.1874727951485458
2020-10-06,1.1770573034712462,1.222125020180975,1.252095429256638,1.1705917785112294
2020-10-07,1.2016272089963231,1.2497355590979917,1.2838461789751263,1.190968133144554
2020-10-08,1.2108615374266567,1.259528248753682,1.298746961750488,1.2015229539046388
2020-10-09,1.2326416476786892,1.2825231226107803,1.3237751874033301,1.2122528982551484
2020-10-12,1.244570589632252,1.2966777555306792,1.3395116782462198,1.23175501567425
2020-10-13,1.2447884893445718,1.2972723361530856,1.339115552087425,1.2237164746769773
2020-10-14,1.2396968176206644,1.29047738308976,1.3307974641964053,1.216027145307129
2020-10-15,1.231097665372852,1.2808116541585906,1.3223186850923132,1.2145243271635426
2020-10-16,1.2283599568064287,1.27843929628827,1.318134098073409,1.2137905800307311
2020-10-19,1.2165586709161356,1.2651980189832166,1.3003528293532773,1.1953370179858354
2020-10-20,1.2211344150271892,1.2695244332202842,1.3069702503932288,1.2001248417185337
2020-10-21,1.2114656201711178,1.2589447636960638,1.2926865738506534,1.197853182687156
2020-10-22,1.211162307866872,1.2596874883748448,1.2938505399019748,1.2044237691728386
2020-10-23,1.2145585685928588,1.2642838193208976,1.3001078493105578,1.208513169650689
2020-10-26,1.1916387323270776,1.2388483544063114,1.2660647776101643,1.1861800792888724
2020-10-27,1.199991337362856,1.247729676964565,1.273043802355968,1.1820904486880386
2020-10-28,1.1589148129738518,1.2009511486256348,1.2192521246166932,1.1416879866022385
2020-10-29,1.1742666096650962,1.2096579066909605,1.2270968833945466,1.1532915928595127
2020-10-30,1.1508311522039378,1.1860412873336563,1.197539054673329,1.1412688175878383
2020-11-02,1.1587593953467692,1.190449878610467,1.2068494170311466,1.154060548808796
2020-11-03,1.1793610937637866,1.2104648748407805,1.2334696594164074,1.1744364431961538
2020-11-04,1.2144201490308826,1.2468720800436104,1.2786595534202028,1.2006845008143465
2020-11-05,1.2588814165883078,1.2884655025952392,1.3302316041825626,1.2241008951208736
2020-11-06,1.2676696317028266,1.2967381139509364,1.337049609331355,1.223821640880426
2020-11-09,1.2431176598181852,1.2761189649804936,1.3171137946111977,1.2391997243126645
2020-11-10,1.2129301784712083,1.2462575476821875,1.2894921230893406,1.2373822129891754
2020-11-11,1.2317381345061718,1.265074386503833,1.312922332972332,1.2465739002566434
2020-11-12,1.2304966391162009,1.2627631873488816,1.3060132409979992,1.2344811675979923
2020-11-13,1.2440135061758757,1.2763848049747903,1.326280420365554,1.2515718262732547
2020-11-16,1.250662391531175,1.284098385378375,1.3397801135015293,1.2671947605599108
2020-11-17,1.2487660248046129,1.283119755236368,1.3387317217702372,1.260379438281302
2020-11-18,1.238820816975037,1.2742144618000224,1.3261761724821948,1.245210881825518
2020-11-19,1.2528858775314908,1.289273104466175,1.344387427034925,1.250452968327597
2020-11-20,1.2605055228890032,1.296551017449134,1.351527973282818,1.2418904372969508
2020-11-23,1.265466523603239,1.3019810100709621,1.3645460266581448,1.2493349158123814
2020-11-24,1.2697235238495121,1.3080950044675472,1.3746618660196175,1.26946653465278
2020-11-25,1.276261200251369,1.3137573846764858,1.3816400365560007,1.267509108555338
2020-11-26,1.276261200251369,1.3137573846764858,1.3816400365560007,1.267509108555338
2020-11-27,1.2981218209676046,1.3338087274996975,1.4060127754464906,1.2710390800603595
2020-11-30,1.2949610045599385,1.3297637967041211,1.3975765713062724,1.265412112868418
2020-12-01,1.306242585730547,1.3411787548835012,1.412894182385051,1.2792527446480566
2020-12-02,1.3044463052159152,1.3398967953021714,1.410006270852397,1.28194391787831
2020-12-03,1.3096198514734738,1.3442795273874002,1.4191057226318573,1.281594361066411
2020-12-04,1.3297011245497812,1.3648091062049243,1.4470971711437877,1.2926387684738394
2020-12-07,1.3370795392277501,1.370387626852831,1.4553787488152088,1.2899822287525988
2020-12-08,1.3480717168415417,1.3813697259625572,1.4689031450967578,1.2937573962965137
2020-12-09,1.3252351699395022,1.3572147366669969,1.4401089504154512,1.2821536749777478
2020-12-10,1.3418286430498367,1.3729504276803375,1.4623808316510993,1.281734160778872
2020-12-11,1.3366505956558619,1.368880322820785,1.4550751337641763,1.2802313426352856
2020-12-14,1.3456537597280864,1.378588951257456,1.4648981134824866,1.2744994393628792
2020-12-15,1.3619878762088153,1.3960595392596713,1.490186260719496,1.2917296676276195
2020-12-16,1.3681647032742075,1.4030457487994923,1.4979350969934937,1.2937573962965134
2020-12-17,1.3858954657238198,1.4220128056738948,1.5235477326186873,1.3009918875895228
2020-12-18,1.3901755497557862,1.4254042562513423,1.527772656456972,1.2957968612375645
2020-12-21,1.3950052788977065,1.4288928950460311,1.5297877459006395,1.2911639102727452
2020-12-22,1.4059021477790519,1.4379362276991898,1.5435063390672024,1.2889877522795097
2020-12-23,1.4063202983726877,1.4386265470046953,1.5452497271936412,1.2901460763168333
2020-12-24,1.4034573210706218,1.4369956903799848,1.5433487537898027,1.2951652887094163
2020-12-25,1.4034573210706218,1.4369956903799848,1.5433487537898027,1.2951652887094163
2020-12-28,1.4026836010178814,1.437222098589999,1.5423165593427268,1.3062919650834373
2020-12-29,1.394045796718589,1.430563160962296,1.530638631158359,1.3037996181109066
2020-12-30,1.4100028965037896,1.4476344814648272,1.5529714351161887,1.305659932309322
2020-12-31,1.403379570539514,1.4418807980032347,1.5445096598824792,1.3122936875539686
2021-01-01,1.403379570539514,1.4418807980032347,1.5445096598824792,1.3122936875539686
2021-01-04,1.4097515739745208,1.4480816779172145,1.5488133543255644,1.2944280897318525
2021-01-05,1.4350681179372866,1.4737723119197899,1.5828963273744965,1.3033432842346746
2021-01-06,1.4360290129779736,1.4737063348593793,1.5871645464162238,1.311135363516645
2021-01-07,1.4822872931379587,1.5183022223036073,1.6454804591038619,1.3306158493753
2021-01-08,1.4905719338702819,1.5262723512542744,1.6560776623613012,1.338197020942915
2021-01-11,1.4726962327282425,1.5086283094727522,1.6352807363828123,1.3291763150521694
2021-01-12,1.4915174734628243,1.5274448353047012,1.6603668169796761,1.3294574102764847
2021-01-13,1.4891944174361926,1.5252450401229372,1.6571214362671292,1.3330369732844451
2021-01-14,1.5033676037694792,1.5384419778073948,1.6743830509232818,1.3283691586876292
2021-01-15,1.472671839651442,1.507846153842524,1.636670155454215,1.3186816714522633
2021-01-18,1.472671839651442,1.507846153842524,1.636670155454215,1.3186816714522633
2021-01-19,1.5022754185668696,1.5364144751074187,1.674367373828149,1.3290359400322491
2021-01-20,1.5238565980883787,1.558394362432369,1.7048629525056143,1.3474282893635405
2021-01-21,1.5279123104115666,1.5639003563173612,1.7079546162142845,1.348656455726349
2021-01-22,1.5296780695228482,1.5649429532015087,1.7105724896183356,1.3438830146801177
2021-01-25,1.5335392732263584,1.5687406094177616,1.714321431484033,1.349182862051049
2021-01-26,1.5252101485586693,1.5620677833682617,1.7012101690759582,1.3470771216907569
2021-01-27,1.489947684553415,1.5254372244675367,1.6515792208246136,1.314154116813876
2021-01-28,1.5022221813580214,1.5363495494185422,1.6687159186521499,1.3254560318398139
2021-01-29,1.4808607961306754,1.5153586700978356,1.6360783181959884,1.2989208957997356
2021-02-01,1.531798994707938,1.5649027209393582,1.6980808315192482,1.320542100712171
2021-02-02,1.5430104273956289,1.5763404566718477,1.7161728634123041,1.339214969960319
2021-02-03,1.546207976472109,1.579834680481623,1.7206072622138104,1.340268012732703
2021-02-04,1.554312638664816,1.586327927482229,1.7320329613494385,1.3555007735008764
2021-02-05,1.5721869109611026,1.6045322858341344,1.7550058053566415,1.3608361748727549
2021-02-08,1.6028832457725457,1.6331535796326933,1.7961581324371405,1.370663691943565
2021-02-09,1.6108507888223276,1.6414342342997017,1.8049823174332627,1.3697514844370684
2021-02-10,1.6055905721265997,1.6381564457500435,1.800045226899461,1.369154660479425
2021-02-11,1.615965316787004,1.6475415083407534,1.8125051174608842,1.3713659122276405
2021-02-12,1.6234595210005498,1.6547914883628096,1.8222762975246243,1.3781403876766825
2021-02-15,1.6234595210005498,1.6547914883628096,1.8222762975246243,1.3781403876766825
2021-02-16,1.6222941559320456,1.6545509420006348,1.822842055510592,1.3769468548228871
2021-02-17,1.6073868065569232,1.6397537562659756,1.8063753391578352,1.3772629287406906
2021-02-18,1.5845058061563309,1.6168180399353407,1.775147426175864,1.3714011210441124
2021-02-19,1.604004080106356,1.6369731697862195,1.7994101035694166,1.3689789615815413
2021-02-22,1.5641151895304748,1.598773122701283,1.7521236888019331,1.3584492242266555
2021-02-23,1.5435492443704675,1.5789834759963268,1.729667641524083,1.3600988608336995
2021-02-24,1.5603517650620873,1.595414090799705,1.751847826155486,1.3750864255629796
2021-02-25,1.4942427192025387,1.5310138341180026,1.6667005271244626,1.3419525129717431
2021-02-26,1.4943328264404485,1.5311160689924102,1.664485084193756,1.3350381227487482
2021-03-01,1.5520118433344232,1.588241843703445,1.7336711926186112,1.3673995124844578
2021-03-02,1.5371793000836755,1.5742606742097418,1.7165303524397624,1.3567295151711436
2021-03-03,1.5146746252247838,1.5521414655725623,1.6880153286144006,1.3387587511455794
2021-03-04,1.4541272459871104,1.4920470408318742,1.6175629688216342,1.3221917373192154
2021-03-05,1.4837391879130504,1.5210425485251848,1.6563207085017284,1.3465153914880947
2021-03-08,1.4632295242666016,1.5008679012854456,1.6346889550181338,1.3398116788564716
2021-03-09,1.512490731921329,1.548776263778265,1.691116627522349,1.3589407669193596
2021-03-10,1.5243236136311957,1.5612362852878552,1.7087019471093412,1.3673995124844582
2021-03-11,1.5823149076289207,1.6178388202273652,1.7757132173521883,1.381263846931395
2021-03-12,1.578536249496253,1.6139015677016078,1.7719164454501746,1.3831241611298106
2021-03-15,1.584196432626425,1.6189708347386023,1.7815263942359425,1.3913723441650294
2021-03-16,1.5634915597374157,1.5984147452003927,1.756901774399812,1.389617311231554
2021-03-17,1.580472052192179,1.6140918191410234,1.77653224246963,1.3943560037072802
2021-03-18,1.5162767403315696,1.5536608276603456,1.7005283367939592,1.374068361484085
2021-03-19,1.526660155417232,1.563396442470053,1.7129957722809779,1.37152607782414
2021-03-22,1.5265342778988997,1.56284434492501,1.7133883215384682,1.38247786073072
2021-03-23,1.4705177469187471,1.5057784564166907,1.6452533010123414,1.3715964954570834
2021-03-24,1.4390980593640013,1.4751427771038224,1.6106102810688867,1.3646242293037443
2021-03-25,1.4534290526329834,1.4905318322995054,1.6296791010071539,1.3723010169709933
2021-03-26,1.4910996625791155,1.528245884099914,1.6787096008237188,1.394415145314033
2021-03-29,1.463824059257423,1.5017537474002094,1.6462999803518232,1.3937111991075817
2021-03-30,1.4838715879574826,1.5205879318928994,1.6692270297703893,1.39001369807059
2021-03-31,1.509927554748391,1.5463407913228966,1.6985022540255044,1.3956476840135275
2021-04-01,1.5329664309272555,1.5724332404905974,1.7297222663950063,1.4107194737547601
2021-04-02,1.5329664309272555,1.5724332404905974,1.7297222663950063,1.4107194737547601
2021-04-05,1.5545671114645052,1.593724833960671,1.7557890754520242,1.430967649886289
2021-04-06,1.5541713001591266,1.5942466445255574,1.756802621660008,1.4301225232294756
2021-04-07,1.535209278114733,1.5723545443197298,1.7327010929221773,1.4317776827881223
2021-04-08,1.546432301540271,1.5853864654752519,1.747989465534168,1.4385742500435779
2021-04-09,1.548479561152813,1.5869481901328704,1.7502509947486309,1.4490326492735865
2021-04-12,1.53586995898248,1.5736163491247284,1.7339611481899868,1.4495608965821545
2021-04-13,1.545537873396637,1.5852332556865947,1.7478582003991763,1.4538570625606575
2021-04-14,1.5564525553613462,1.5972056467665827,1.7610690653089647,1.4488921591921748
2021-04-15,1.569637354642153,1.6118661486056838,1.7804126242326388,1.4644565271795364
2021-04-16,1.578086697904519,1.6206177853581645,1.7912111173899006,1.469351243038059
2021-04-19,1.5651660345870386,1.6072848176449708,1.7747359502825786,1.4621322850464344
2021-04-20,1.5312606232950257,1.5700248097137546,1.7319606209504022,1.4514273090396321
2021-04-21,1.5535724998387919,1.5948104140806416,1.7612846092465082,1.4651609336319547
2021-04-22,1.5458025187753432,1.5865540504509763,1.751050029255171,1.4517793972043493
2021-04-23,1.5743339293536796,1.6177800699783322,1.7875166959710431,1.4675200393970533
2021-04-26,1.5947787460144531,1.640183509364516,1.8140547292609701,1.4705838967990452
2021-04-27,1.5971312515963785,1.6422698768074586,1.8164639904984716,1.4702671325122914
2021-04-28,1.5990953473151894,1.6440423445577925,1.820357253457663,1.469844051407172
2021-04-29,1.592427195129879,1.636243103991851,1.8121252253679767,1.4792113225110313
2021-04-30,1.5663349495289212,1.6062031746553496,1.7787325504309934,1.4694920783039458
2021-05-03,1.5855589237292624,1.6258137902310719,1.8017269006849124,1.4726614470938615
2021-05-04,1.5870454223628503,1.6270030922254912,1.8000200029936089,1.4635764218292344
2021-05-05,1.5969212008810953,1.6390882967544944,1.8123011801743711,1.4640336761974002
2021-05-06,1.6041443631670707,1.6467881637759372,1.821774071610888,1.47572507437287
2021-05-07,1.6268387940416666,1.6729120655026308,1.8528645262868906,1.4864652591961443
2021-05-10,1.6099273952912492,1.6555809026996433,1.8297179823950582,1.4717456726811209
2021-05-11,1.5978597370018477,1.6427254445478052,1.8131463206707796,1.458610943153293
2021-05-12,1.54622179956711,1.5866133161100482,1.7442855269994189,1.4276223520755063
2021-05-13,1.5609845802142424,1.6000933002882138,1.7619657504674513,1.4447718071730469
2021-05-14,1.5987972133643615,1.640733852225968,1.8118872482024464,1.4669566983335052
2021-05-17,1.6077801553468416,1.650351168033027,1.8223607860799977,1.4632239884800418
2021-05-18,1.5975235589587746,1.6398405476164972,1.810994484898043,1.4506172761377985
2021-05-19,1.5712078619012417,1.6107853776312344,1.7775281638879001,1.4468139185284077
2021-05-20,1.572301197230948,1.6129079512016309,1.7832648522566124,1.4623789768847197
2021-05-21,1.572782937546319,1.6130721498163718,1.7823149421629443,1.4611814168787136
2021-05-24,1.5860574089930604,1.626870368913678,1.8005792754628256,1.4760775077220627
2021-05-25,1.5750467491621936,1.6148691452800232,1.786885466187321,1.4728022823597484
2021-05-26,1.5934903340010045,1.6356466234341793,1.8106292821496612,1.47572507437287
2021-05-27,1.6118792277410507,1.655837252741851,1.833434567602141,1.4764997833967402
2021-05-28,1.6092014183701773,1.6535075135902806,1.8327423196337869,1.4791409048780877
2021-05-31,1.6087302302327358,1.653023431121609,1.8322081376040564,1.4791409048780877
2021-06-01,1.6365676831834322,1.6837317868306403,1.8673890335462093,1.4778381786686332
2021-06-02,1.6353308365345054,1.6823348757972691,1.8671105684861862,1.4801619605557683
2021-06-03,1.6254859154338608,1.670994368578713,1.853129074955042,1.4746686948172258
2021-06-04,1.6383267405022641,1.6854343193460295,1.871740614825942,1.4881557426327547
2021-06-07,1.6386272582755128,1.683564098611169,1.871913687569821,1.4867119510344298
2021-06-08,1.643348990587018,1.6884090083775747,1.8777131961924927,1.4870288303826753
2021-06-09,1.633485171916335,1.6776888964598704,1.865696548837633,1.4848104448219719
2021-06-10,1.6202999013343422,1.664743707791704,1.853466293878986,1.4917124084038593
2021-06-11,1.6296263765236763,1.674534559483014,1.8646584579139491,1.4941773707413566
2021-06-14,1.6132354573709913,1.6574370566920735,1.8457823451705972,1.4975226685521392
2021-06-15,1.6090462098731158,1.6517550172891553,1.838020367538628,1.4947762658058517
2021-06-16,1.5936331500616425,1.6332944473217537,1.8161198106505547,1.4864300503796726
2021-06-17,1.5664967277173047,1.6024936957109537,1.7822065435167884,1.4859372420105599
2021-06-18,1.5420882823403612,1.5768425368857393,1.7503319757700988,1.4658914590429977
2021-06-21,1.573098846963808,1.6107075403241786,1.7908956259368816,1.4868770642750737
2021-06-22,1.579796114850167,1.618954429901351,1.8005893013189695,1.4948264326162495
2021-06-23,1.587566439138147,1.6270414275364544,1.8108525736208443,1.4930243395326535
2021-06-24,1.6039637164317024,1.6447883383116626,1.832854748064275,1.5018566897614243
2021-06-25,1.6048614998681228,1.6461976183349856,1.8344786044399297,1.5071915158258435
2021-06-28,1.5951245270456562,1.6351001515909507,1.820840984975427,1.5102298295766696
2021-06-29,1.5961382824411547,1.6370936266105969,1.8222141774256366,1.511042508892813
2021-06-30,1.5973966048617458,1.6386156596778545,1.8226605290274907,1.5123141684994985
2021-07-01,1.6048993992749927,1.645903123214077,1.8318190586077387,1.5206871932532524
2021-07-02,1.606471580510712,1.6469274460672543,1.835403281426127,1.5323108202100888
2021-07-05,1.606471580510712,1.6469274460672543,1.835403281426127,1.5323108202100888
2021-07-06,1.5773280603762339,1.6144712761833642,1.7997446447915693,1.5295197736050068
2021-07-07,1.571954102471364,1.6101836484616348,1.794974215906591,1.5349252474253532
2021-07-08,1.5581227907230495,1.5936598196357963,1.7740483951693549,1.5224185235194299
2021-07-09,1.5953695601365276,1.6334266992766497,1.8224384219743148,1.5386702688584326
2021-07-12,1.6060265731958432,1.643719756554882,1.8353037457289094,1.5441813691281943
2021-07-13,1.5878484663198618,1.623295509520498,1.8117604943305765,1.5389174209426852
2021-07-14,1.5739151888569294,1.6099553412552858,1.7955717938262532,1.5412133579488199
2021-07-15,1.5631888483520409,1.5992855216708917,1.7827635243117315,1.535949754947786
2021-07-16,1.5345760203821421,1.5681352398338866,1.746502792907827,1.5239024715783713
2021-07-19,1.4920798670535187,1.5215746052571992,1.6917982643137395,1.5013974793478986
2021-07-20,1.5255907356794014,1.5564202031314565,1.734899726412727,1.5229130578109185
2021-07-21,1.5629630283850804,1.5947478917953735,1.7814436813271048,1.5352430472655325
2021-07-22,1.5574968294412004,1.5903325062847335,1.7755583799164758,1.5384578653446845
2021-07-23,1.5608633706860229,1.5938755338782262,1.7816948081657031,1.5542857241481256
2021-07-26,1.5795584539349483,1.6157989152980572,1.8055603781751934,1.5581010481526567
2021-07-27,1.5594276167289938,1.595903179979863,1.7811355022956261,1.551000028190063
2021-07-28,1.5809142064593675,1.6182610310269372,1.8083278117218178,1.550363968263737
2021-07-29,1.6053919873840021,1.6440573966826606,1.8390952507132141,1.5567942947909912
2021-07-30,1.5895614642637024,1.6267861281329683,1.8175821167872077,1.549233834291889
2021-08-02,1.5833521646305702,1.6193858820467963,1.8098110038919795,1.5459831170273148
2021-08-03,1.5869919986418566,1.626030929156417,1.8162950249083456,1.5585607188121486
2021-08-04,1.5730725424797647,1.6097977329660988,1.7980474801007345,1.550894171617664
2021-08-05,1.5832565371572616,1.6198689172266056,1.8121383345589,1.5607155904294125
2021-08-06,1.58659817957865,1.6235079077753736,1.8162564148632556,1.563294578705222
2021-08-09,1.5771614866735826,1.614292290740852,1.8046014282349505,1.5620226889755533
2021-08-10,1.5934842681614496,1.6337608790087461,1.8266342124873138,1.5639659625095115
2021-08-11,1.6092212163278985,1.6526487116368398,1.8479300558231866,1.567852164392953
2021-08-12,1.6066692282961281,1.649415938126268,1.8451635349175768,1.5725512757155216
2021-08-13,1.5987428914938713,1.6414389813217685,1.8362435295831019,1.5754127399535471
2021-08-16,1.583316620392001,1.624446418059978,1.8154093808382572,1.579122437508663
2021-08-17,1.5525461506686355,1.5912547386581783,1.7758455770693669,1.5687709304044788
2021-08-18,1.5401868607236524,1.5782426695842717,1.7595435483585993,1.5516007642384257
2021-08-19,1.5093368361464559,1.5433312387281852,1.7199364796761953,1.5540029030014337
2021-08-20,1.5083467151869923,1.5402587073844927,1.7205163440894855,1.566368331395503
2021-08-23,1.5409085274879855,1.574810393063157,1.7625054686830122,1.580147060092587
2021-08-24,1.5682572381440503,1.6049177465388091,1.798261644544709,1.5826552855509777
2021-08-25,1.5785988403250253,1.615949045402395,1.8108123746504634,1.5859761903255118
2021-08-26,1.560899619045153,1.596994147989306,1.7872134245464941,1.5766142120502722
2021-08-27,1.593944522917755,1.6328517898199435,1.8308184325449879,1.5907103954030601
2021-08-30,1.5968872922388817,1.636017414633435,1.8364837077514393,1.5977054437317633
2021-08-31,1.5958676035550683,1.6335924388381138,1.8347699764825527,1.5953385137852265
2021-09-01,1.5980137307209166,1.6350587071443177,1.8367173662424767,1.596186401917842
2021-09-02,1.6124336662898346,1.652215330294018,1.8549545125317886,1.601097226385208
2021-09-03,1.6134104055408214,1.6541202330353706,1.85638701982243,1.6007085486661181
2021-09-06,1.6134104055408214,1.6541202330353706,1.85638701982243,1.6007085486661181
2021-09-07,1.6132172481638323,1.6534359361350857,1.855358384646093,1.594985275005592
2021-09-08,1.6017624829603339,1.6402230056885094,1.8396156738876215,1.5930422315946173
2021-09-09,1.599606240199281,1.6380723925376925,1.8353789049829479,1.5862234574712561
2021-09-10,1.599664392719855,1.6389992727978477,1.8348961072534895,1.573717078749808
2021-09-13,1.610521860661894,1.6507807668435144,1.8489758762882347,1.5777442309606284
2021-09-14,1.5951603985050344,1.6345466292021635,1.8300541056957416,1.5692300257565124
2021-09-15,1.6256277611983485,1.668170519924053,1.8696557225366972,1.5823373706493067
2021-09-16,1.610131839364943,1.6499590047551758,1.8489528640866528,1.5798289150679323
2021-09-17,1.5907554594159543,1.628505782455166,1.8222377431973416,1.564439900793979
2021-09-20,1.547815649928812,1.5805075845673302,1.7630908350800638,1.5383537346946616
2021-09-21,1.5503972213449895,1.5832833012318905,1.7670097780542922,1.5369008532384894
2021-09-22,1.577185667446016,1.613132510938902,1.8025078331358573,1.5518929053659476
2021-09-23,1.6058845793401868,1.6432374272006915,1.8403269909966324,1.5707481470784999
2021-09-24,1.6023098695508808,1.6387613648268777,1.8345683198653193,1.573335995089173
2021-09-27,1.6298064242784023,1.6675561544087694,1.8673424580533586,1.5688347895323933
2021-09-28,1.5989211686672962,1.6354981430607214,1.8254251964699657,1.5372199187550786
2021-09-29,1.591280587881103,1.6280830258680334,1.8166258375937163,1.5398073065197846
2021-09-30,1.5897512275519643,1.6284926409939369,1.815234287528267,1.5209869284392288
2021-10-01,1.6179421778638794,1.6421530208723587,1.8246266139552034,1.5390628586682416
2021-10-04,1.625186264333387,1.6500380755234194,1.8292145447272232,1.5192148664049763
2021-10-05,1.6404978542379398,1.6571935522424524,1.8369211512495234,1.5350223593243797
2021-10-06,1.6172398452063013,1.6349000969907217,1.812743780350513,1.541401828672286
2021-10-07,1.63710456974961,1.6549439168615794,1.8363954475137352,1.554728250645349
2021-10-08,1.638877005525341,1.659028562445929,1.8380371416368126,1.551892905365948
2021-10-11,1.6407846321793071,1.659485031303155,1.8377142359666536,1.5406577260052183
2021-10-12,1.654071557838873,1.669243967994078,1.8499930436652465,1.5368651841760514
2021-10-13,1.66313544603747,1.676024761470645,1.8603255116136401,1.5423942340385242
2021-10-14,1.6860491405359421,1.698753787581215,1.8912338904097132,1.5683384142570373
2021-10-15,1.6895503122757987,1.7033616828734048,1.8979565899951925,1.580282717591347
2021-10-18,1.6977120353615933,1.7109920901193263,1.9059522460889633,1.5849611178454028
2021-10-19,1.7028623871825381,1.7150262397975262,1.9127461662840788,1.5971890477568458
2021-10-20,1.719923153935533,1.730904424538365,1.9337781004203694,1.603462315347878
2021-10-21,1.7085865300161212,1.720357881319978,1.9223369122755174,1.6076442252650855
2021-10-22,1.7136885772801955,1.7259371773013847,1.9276856638206135,1.6059784800491985
2021-10-25,1.7291080804681151,1.7412365959120188,1.9464914894465746,1.6145909477672589
2021-10-26,1.7272952764667604,1.739308917508793,1.9439324914059606,1.6160444045308902
2021-10-27,1.6928097690753459,1.7067075152623157,1.9022786832305998,1.608884818269002
2021-10-28,1.6994165287119622,1.7143690193542935,1.9119802257393752,1.6244087996727634
2021-10-29,1.6904619055443877,1.7057932157409121,1.900623088818296,1.6277048511650822
2021-11-01,1.7112039319917485,1.724871582010946,1.9238701771318072,1.6305049876280115
2021-11-02,1.7174477251265214,1.729318850892219,1.9307000391027072,1.6370973207356325
2021-11-03,1.717905825922932,1.7287102460310821,1.932425319391144,1.64709213721543
2021-11-04,1.7127387568552401,1.7248053071908203,1.9284403712894131,1.654853955325073
2021-11-05,1.7278368262166208,1.7394757172879391,1.9464683144002854,1.6605956388242769
2021-11-08,1.7443323196969551,1.7547331673253754,1.9635737983075796,1.6620133114639775
2021-11-09,1.7441023324603802,1.7539638845249799,1.9616577951788918,1.6565198156024517
2021-11-10,1.7121184056179424,1.7239789817159368,1.926193494498569,1.6431935086908802
2021-11-11,1.730105550393189,1.7412827370809192,1.9457270151429735,1.6437248626597252
2021-11-12,1.7325550351212387,1.7435307155629165,1.9491869573838534,1.6561296420839688
2021-11-15,1.7380475637782222,1.7484560165782514,1.955316499743526,1.656696780176744
2021-11-16,1.742804344735607,1.7533962602595181,1.9600863280551952,1.6632541345908771
2021-11-17,1.7241233871768293,1.7353265494730399,1.936759162499169,1.6592135201855234
2021-11-18,1.7264210755169715,1.7386086383956438,1.9384913446567331,1.6648490019278535
2021-11-19,1.6961522978616588,1.7103752900077926,1.9053961506171817,1.6618715557061565
2021-11-22,1.7066736972422838,1.7188739996777211,1.9117278600789156,1.6571931554521007
2021-11-23,1.7348991597137766,1.7442581901522751,1.9393033996665,1.6593909450057829
2021-11-24,1.7358285916636365,1.7442751525005402,1.9408256117486014,1.663820927499177
2021-11-25,1.7358285916636365,1.7442751525005402,1.9408256117486014,1.663820927499177
2021-11-26,1.6578544367761825,1.6697375206170473,1.851714640102453,1.6267124457988447
2021-11-29,1.6634953718615464,1.6756412393734428,1.8592120123570772,1.6466668699419675
2021-11-30,1.6214743708860673,1.6365117212678348,1.8121763177182308,1.6146266168296979
2021-12-01,1.6047975992239467,1.6167680186509013,1.7877363419296322,1.5966926724814896
2021-12-02,1.6332849414819197,1.647871877353282,1.8251873596467199,1.621147841935425
2021-12-03,1.6217840491766542,1.6338156260427057,1.8067766392531475,1.6070421084788225
2021-12-06,1.6516277717172247,1.6639630378568977,1.8450963604528412,1.6260746599501426
2021-12-07,1.6781658999544775,1.6952058590104677,1.8841243558755567,1.6597096653378969
2021-12-08,1.689530962943818,1.7070482311030861,1.8987496099141383,1.6641047841992942
2021-12-09,1.6655437330295093,1.6807477178657562,1.864819189329476,1.6528694897770726
2021-12-10,1.6732154761819271,1.6900242677722863,1.8763498283664297,1.6684284498743225
2021-12-13,1.6537007017474121,1.6680550753748578,1.848027956827826,1.6536490313835956
2021-12-14,1.6396558517264437,1.6533091731932341,1.8298119629044123,1.6422718661420614
2021-12-15,1.6516651314620856,1.6676721634554854,1.8487619224126686,1.667932419783441
2021-12-16,1.6418912056582273,1.655102221010967,1.8349187431432858,1.6532237641101328
2021-12-17,1.6191894361751455,1.6303089591848225,1.8063383736185539,1.6356283306706172
2021-12-20,1.5990188367419145,1.6077733590886365,1.7796463302705308,1.6182363259484933
2021-12-21,1.6241830238873218,1.6375313468710875,1.8159621101168408,1.646974429309382
2021-12-22,1.641082883576319,1.6556298897209576,1.8384768749076354,1.6634422601298682
2021-12-23,1.6436992055226196,1.6580350095137257,1.8439748492598047,1.673792156373168
2021-12-24,1.6436992055226196,1.6580350095137257,1.8439748492598047,1.673792156373168
2021-12-27,1.6693963315796652,1.6875339043589437,1.878438526199815,1.697480095800196
2021-12-28,1.6626896534613804,1.6807749148640154,1.8711826548076895,1.6960929144558061
2021-12-29,1.6720863964168116,1.6905683703956078,1.8818789290678777,1.6982625139440128
2021-12-30,1.6643537631502077,1.6831976716157984,1.8730229739974265,1.6935676598966385
2021-12-31,1.6655864797308078,1.6838099461272393,1.87331846822422,1.6892994538606276
2022-01-03,1.664783288666337,1.6826293111582253,1.8744945260469268,1.699080601150268
2022-01-04,1.6768126348712995,1.6942348704409531,1.8858824752287384,1.6985117371351166
2022-01-05,1.6517978350329199,1.6656658209133923,1.8488754890251466,1.6658961765641584
2022-01-06,1.6516888854781921,1.6654464690183957,1.850401120985381,1.664331455338017
2022-01-07,1.6431081840348478,1.655512236191671,1.8373376974285083,1.6577516639329954
2022-01-10,1.6367068811144985,1.6488202377416208,1.8303473423605199,1.655688611386138
2022-01-11,1.6614947906083075,1.6762954701996449,1.8651450409821557,1.670769375923726
2022-01-12,1.6686333999446723,1.6835734163822917,1.8749765654093171,1.6752859997203988
2022-01-13,1.6505452196829697,1.664044678445634,1.8491758172588846,1.6522029385554358
2022-01-14,1.6597737582483354,1.6743195724705282,1.8594364071338418,1.6528786946964114
2022-01-17,1.6597737582483354,1.6743195724705282,1.8594364071338418,1.6528786946964114
2022-01-18,1.6473222247229629,1.657153416987806,1.8384091662644473,1.6236068210753516
2022-01-19,1.6411654276210392,1.6484358457793236,1.827223956890244,1.6067481263674324
2022-01-20,1.6249548424612252,1.6386890218821786,1.8194787678575481,1.588964682450417
2022-01-21,1.606121852110627,1.6252878100016988,1.806130102862877,1.557772202409271
2022-01-24,1.6082317184970079,1.6235294269465232,1.804135935682701,1.5643875478152396
2022-01-25,1.6101681661357625,1.6285005398110701,1.8050229466632106,1.5452878004327446
2022-01-26,1.6018468593615134,1.6241793554610142,1.8000316728218855,1.5414110335916256
2022-01-27,1.5937305808884215,1.619246388071441,1.7952375566656158,1.5337997159131753
2022-01-28,1.619379122184513,1.6349869524565928,1.8114438014952452,1.571892203490849
2022-01-31,1.6411006548609977,1.6485658145703284,1.827393764436162,1.6002036588403743
2022-02-01,1.6538412984124142,1.6588334036453578,1.832984117575442,1.6110158721574759
2022-02-02,1.6603649021479845,1.66085676998086,1.834539447454384,1.6266657308331987
2022-02-03,1.6581090416765747,1.656954036188661,1.8235072753195465,1.5884312573747206
2022-02-04,1.6657266138979396,1.665501527727638,1.8289671383295922,1.5959001289263997
2022-02-07,1.6719094593345258,1.6693572530463685,1.8318097919595684,1.5907785118061701
2022-02-08,1.6670785225068094,1.6670291037730465,1.833510443002715,1.6038672167373031
2022-02-09,1.6770936777974008,1.6797364133562738,1.845254596460112,1.6273412568511907
2022-02-10,1.6641652777828992,1.665999812526528,1.8223050723650696,1.598105397477045
2022-02-11,1.6787051952203655,1.6744752129835376,1.8223264055145916,1.5665927013043928
2022-02-14,1.6724714383692971,1.6673727674931125,1.8168108917708936,1.5614709691226716
2022-02-15,1.66366104072464,1.6621399185727384,1.8211727471934813,1.5866526368354392
2022-02-16,1.673192109918504,1.6649938431214018,1.8249320863771297,1.5884312573747208
2022-02-17,1.6686412895266076,1.660841897120602,1.8121841586273675,1.5544997385227584
2022-02-18,1.6701586755518045,1.660801179808674,1.810438502366096,1.5444345044100178
2022-02-21,1.6701586755518045,1.660801179808674,1.810438502366096,1.5444345044100178
2022-02-22,1.6725449723237973,1.6618980824810408,1.8054189302714423,1.5278600115866907
2022-02-23,1.6771709648278839,1.6633126205280235,1.8005347982899145,1.5007578525153291
2022-02-24,1.6770715307795765,1.6665334270313035,1.8060429740557267,1.5233428124825592
2022-02-25,1.6832676070437815,1.67134287843299,1.8191889877058094,1.5569540001415236
2022-02-28,1.7042100613795557,1.6873451920306166,1.8268841579984674,1.5529705712975637
2022-03-01,1.7420788420857407,1.7091026486347973,1.8266028544834745,1.5293187611789412
2022-03-02,1.7733027107714043,1.7260858988521486,1.842149400795252,1.5574519862777645
2022-03-03,1.7841808418454834,1.7268825572758055,1.8357636527380203,1.5496981074110514
2022-03-04,1.8161406474306097,1.7463017045618692,1.836799256979812,1.5371076187391426
2022-03-07,1.8804118528120837,1.7726902769708133,1.819686062186296,1.491795022554927
2022-03-08,1.896374717311441,1.7846104783427297,1.8314662914617745,1.4804844779171091
2022-03-09,1.8211585003373154,1.7471554127776454,1.8336659816559797,1.5201774708448543
2022-03-10,1.8175105393019908,1.7450715368485603,1.8334702245637573,1.5133130173092737
2022-03-11,1.829270273514866,1.748526939869965,1.8302939451115623,1.4940709388614997
2022-03-14,1.7730014851099478,1.7145939127845744,1.8097716100529346,1.4831519484800648
2022-03-15,1.7572256009009455,1.7027900149205182,1.8119562210631326,1.5157672789280396
2022-03-16,1.75156540848109,1.7050262066922048,1.8262805550274648,1.5493781214025288
2022-03-17,1.802104843002933,1.7355652950412446,1.8465986142384976,1.568762070669616
2022-03-18,1.8062324723965992,1.740813041777155,1.8535793279955826,1.5859446634767769
2022-03-21,1.8530127521902546,1.7786470871272153,1.8981590428316433,1.585480850603582
2022-03-22,1.8485228754526293,1.7756851270674519,1.8970012304390487,1.6040332504698807
2022-03-23,1.8854365756525946,1.80814923862111,1.928991658726122,1.5833756855507488
2022-03-24,1.8973961824015002,1.8207074002309556,1.9444555213015733,1.607244271519805
2022-03-25,1.9057977864089772,1.8253381704948917,1.952572548233386,1.6150933062401855
2022-03-28,1.8615617497927017,1.789820716149196,1.9110391934786886,1.6265815058212465
2022-03-29,1.86307042304255,1.7943672863726945,1.9227400772652288,1.6467039197423061
2022-03-30,1.8842848821423663,1.8098269064904162,1.9382731305662653,1.6365357055944603
2022-03-31,1.8616405834284122,1.7906236979124939,1.9065138156657824,1.6113472492536804
2022-04-01,1.8720280532817501,1.7992088449706325,1.9184778699805574,1.6159140398607506
2022-04-04,1.8869114208255247,1.8157892470063395,1.941152353507867,1.6297568578087323
2022-04-05,1.8753291333514668,1.8038736978732821,1.9201722546385538,1.6091707460759694
2022-04-06,1.8688040497189977,1.7961975169565703,1.9054372409177822,1.5930800868253994
2022-04-07,1.8836708374975653,1.8082155336090955,1.920242122538315,1.6011076969809566
2022-04-08,1.9018656908543248,1.8232024956428075,1.9371445595024028,1.596826258873396
2022-04-11,1.8875896100706464,1.8111844234050198,1.9149783894854817,1.569532982664258
2022-04-12,1.912985549719324,1.8292097681629527,1.923749771472526,1.5637173146258665
2022-04-13,1.9408142410319449,1.8514855973036743,1.9429807112269533,1.5816274412452849
2022-04-14,1.9448581975523014,1.8543887284576466,1.9397867771064503,1.5619335163194565
2022-04-15,1.9448581975523014,1.8543887284576466,1.9397867771064503,1.5619335163194565
2022-04-18,1.9624216390496196,1.866387159948664,1.9464934058155867,1.5625759046278285
2022-04-19,1.9381850726664462,1.8467694614301948,1.9444163327063146,1.5877999149695554
2022-04-20,1.9441755094700168,1.8478800294405937,1.948606047330426,1.5866222606016198
2022-04-21,1.9169482085842218,1.8295095240177621,1.929458093900374,1.5628966960667934
2022-04-22,1.8859434576622194,1.8056481641047082,1.9041801622753476,1.5200123576042106
2022-04-25,1.8667205289422384,1.789164570484239,1.9004620887452814,1.5288244570104357
2022-04-26,1.863969659373921,1.7883786869969756,1.8861105074059572,1.4845486799282688
2022-04-27,1.8813797465286706,1.8003654840490209,1.8943829122142346,1.4887231108485133
2022-04-28,1.9052382788886484,1.8178775547864383,1.9141268883749214,1.5263271623937602
2022-04-29,1.8834082413021784,1.8005662706874157,1.891881703801889,1.4699209124836523
2022-05-02,1.888655873451941,1.8068217586078492,1.8971260317262677,1.4787686809523162
2022-05-03,1.8977807482310236,1.8124153276653314,1.9078126749894695,1.485547528738044
2022-05-04,1.9390237594920603,1.8426887709866395,1.9417869432946215,1.530786830752023
2022-05-05,1.9186248191939992,1.8262275170538598,1.9127475565088334,1.4763785085844485
2022-05-06,1.9214823305541755,1.8249128724210222,1.9074255524382708,1.467565718809273
2022-05-09,1.8530441574253558,1.7741011573039134,1.8541973694665863,1.4205786327357983
2022-05-10,1.8439117334747663,1.7702671197081339,1.8519935047751022,1.423861106972092
2022-05-11,1.8547427084388968,1.778465278827701,1.847582268768421,1.401241283372865
2022-05-12,1.8369477864747554,1.768725732598286,1.8449451929508696,1.3997786216898949
2022-05-13,1.867809524329046,1.791384966810177,1.873309622929381,1.4332444866847949
2022-05-16,1.8767157490850057,1.7994083346900729,1.879013943181196,1.42742858852342
2022-05-17,1.8900549437032745,1.8107848401865776,1.8978049675984252,1.4567913607229528
2022-05-18,1.855900602249857,1.7842801349882207,1.8632942421777139,1.3980659313853794
2022-05-19,1.8611497062470685,1.7886309505415257,1.8676947829469548,1.3895031702317497
2022-05-20,1.8554430297322504,1.7846261568225252,1.8652439795289983,1.3901095442932074
2022-05-23,1.8626364747284674,1.7926082466158282,1.8782237478491874,1.416119079439028
2022-05-24,1.8466075300690974,1.7811560594543285,1.8646203339261032,1.4053084769828101
2022-05-25,1.8767442540734776,1.7993974615647428,1.8851383551294707,1.4177241872487691
2022-05-26,1.895051890093776,1.8135590073951913,1.9042242171405597,1.4460523265145964
2022-05-27,1.9134556407095349,1.8285880097079712,1.9233438191545316,1.481551558191485
2022-05-30,1.9134556407095349,1.8285880097079712,1.9233438191545316,1.481551558191485
2022-05-31,1.9127289795214282,1.8258697279888916,1.9169839243823315,1.4732384804749266
2022-06-01,1.9150417993691404,1.827984264902191,1.918180274243753,1.4613224822675845
2022-06-02,1.922615691968905,1.8369594297990273,1.9330606227714449,1.4891511395977781
2022-06-03,1.9284136417188535,1.837731921590297,1.927915084309663,1.464711618506719
2022-06-06,1.9317344829115073,1.8432718167226545,1.933127495549578,1.4691715169879649
2022-06-07,1.9440375605699725,1.8518459287446776,1.9450148946090824,1.483264248496001
2022-06-08,1.9358172749976519,1.8456551141898438,1.9338495128840523,1.467138150305976
2022-06-09,1.9302639951470069,1.8400051129630073,1.917387761130332,1.4322455228135282
2022-06-10,1.9179202296704807,1.827136964208404,1.8961514296754245,1.390716148477649
2022-06-13,1.8813955653338716,1.7971790417457432,1.8523660790243603,1.337913279304291
2022-06-14,1.8696844981735705,1.7856396502726755,1.839911172900647,1.3338815246338012
2022-06-15,1.866250926800614,1.7854969576971254,1.8484613115066788,1.3528980825577697
2022-06-16,1.8454751361006112,1.7708481003549261,1.814925685874267,1.308122478355494
2022-06-17,1.805151303051913,1.7448688083445525,1.7983421549768603,1.3109425204564937
2022-06-20,1.805151303051913,1.7448688083445525,1.7983421549768603,1.3109425204564937
2022-06-21,1.8013543020923752,1.7452477855329631,1.811533116967361,1.3439435370247732
2022-06-22,1.7708354803786206,1.7246618190803964,1.7930766205531343,1.3415071099372269
2022-06-23,1.7260533954084232,1.6968451206794057,1.7749891622714449,1.3546574878279312
2022-06-24,1.7392571407322284,1.708229113331324,1.7930039708810592,1.3977269602307199
2022-06-27,1.7507472150961223,1.7153775643299791,1.8010635378126676,1.3923882220755812
2022-06-28,1.7703524092195266,1.72503947239188,1.8016590183700882,1.3639377724440371
2022-06-29,1.7632224828560155,1.7176917236500548,1.7948901181276067,1.3628268537413093
2022-06-30,1.7397711650097718,1.6974800921381008,1.7761892388777594,1.3517548315758636
2022-07-01,1.7371196452521156,1.6973884656253808,1.780477850294502,1.3660517972317343
2022-07-04,1.7371196452521156,1.6973884656253808,1.780477850294502,1.3660517972317343
2022-07-05,1.6874380050626647,1.6641303224290216,1.7601590745032867,1.3686315909379858
2022-07-06,1.681821806268481,1.6579301281632886,1.754212367030291,1.3732539562455655
2022-07-07,1.704543525532136,1.677647841798862,1.774861680987692,1.3938214280166668
2022-07-08,1.7219932907264224,1.689748873818826,1.7810857087606848,1.3926747251900085
2022-07-11,1.717401786847267,1.6843067425208686,1.7706552843606218,1.376765517911909
2022-07-12,1.6801394139667891,1.658711131716461,1.7539262984982291,1.3645824619822438
2022-07-13,1.6809940604970033,1.6581296169742927,1.7542808081437535,1.3574163172153266
2022-07-14,1.6710802318478797,1.6497594000898865,1.7462700738386927,1.354119805477041
2022-07-15,1.6785964196813545,1.656664286693088,1.7583508442325175,1.3799903463408418
2022-07-18,1.6959190434239761,1.6702418671019625,1.7697005952348472,1.3685960369370387
2022-07-19,1.7048046777352168,1.6799622890770172,1.7852394409599093,1.4055742690287243
2022-07-20,1.6985489411579648,1.6787439705855878,1.7879104081111867,1.4145320362834892
2022-07-21,1.6820761518301275,1.6674831124471134,1.7850959262966892,1.428936469372643
2022-07-22,1.6714977714169685,1.6584533084783322,1.7761268418766682,1.4156787391101473
2022-07-25,1.6962374564211216,1.6764129527842475,1.7874863007872122,1.4173986782886425
2022-07-26,1.7048432819415533,1.6797441893444776,1.7841786096417345,1.4006295014212953
2022-07-27,1.7185531822696622,1.6945390854575266,1.807074227908054,1.436998828098705
2022-07-28,1.724685370690201,1.6977159894371665,1.8143070787664162,1.4550221752259935
2022-07-29,1.7353697232296028,1.710834834694908,1.8316752507460088,1.4762345666582848
2022-08-01,1.7156887824200568,1.692761245568868,1.8106110607569443,1.471863150464185
2022-08-02,1.7113395714527482,1.689304683118633,1.8010690105022653,1.46215253586898
2022-08-03,1.7034018728640896,1.6823664467967918,1.8007591109886254,1.4850493124788198
2022-08-04,1.6807200652724916,1.6657733931036167,1.7885464019046027,1.4840459762708667
2022-08-05,1.6905586495136418,1.6738528439648892,1.7954543058321655,1.481537750812476
2022-08-08,1.7002885788757303,1.684552317005624,1.8088664355339166,1.4798179266954723
2022-08-09,1.7107281735583604,1.6918475978590206,1.8127594176595054,1.47394127606646
2022-08-10,1.7148584766448594,1.6981405737444812,1.8276862953228945,1.504899836094903
2022-08-11,1.7332356664047401,1.7129748747263447,1.8438827094145684,1.504899836094903
2022-08-12,1.7358584078142947,1.7151939533924967,1.8522460388856052,1.530376521472486
2022-08-15,1.7203915385288344,1.700136388032677,1.8363025339675152,1.5366828117116473
2022-08-16,1.716261921013451,1.6943640063985308,1.8300370123821603,1.5396929353969977
2022-08-17,1.7246302686833384,1.7006611965361278,1.8319830055495823,1.5287637045427984
2022-08-18,1.7459651343701037,1.7191123523121445,1.8521960824620096,1.5332071492307258
2022-08-19,1.7457943455766782,1.7156665167715641,1.8443380740109414,1.5126036632127107
2022-08-22,1.7493111347662238,1.7160845371067064,1.8412439007028383,1.4811079961408358
2022-08-23,1.7662768909260418,1.7325240783149012,1.8596496109639358,1.4775245210421561
2022-08-24,1.771852162787663,1.7404246327730055,1.8704342993184087,1.4822543537830186
2022-08-25,1.7683463977712104,1.738561203469086,1.8709934456199564,1.5031802421008829
2022-08-26,1.764915697998376,1.7311117340458282,1.8553893131318342,1.4522988998395447
2022-08-29,1.7747642064141247,1.740215931472214,1.8567979965323453,1.442696097862098
2022-08-30,1.7444474785478403,1.7172535707073433,1.8389053648722884,1.4268583437703675
2022-08-31,1.7354545332965425,1.7091487211688587,1.8325386956432395,1.416001256471488
2022-09-01,1.725893140798007,1.698686328750903,1.8226916741254808,1.4204444710364317
2022-09-02,1.7271974138708883,1.7039108092483366,1.8237172709006442,1.4054665714724572
2022-09-05,1.7271974138708883,1.7039108092483366,1.8237172709006442,1.4054665714724572
2022-09-06,1.7248896674283607,1.7035119241738526,1.8214855001761152,1.400163617441249
2022-09-07,1.71147698955734,1.6948840399140448,1.822987225628421,1.4253175553345079
2022-09-08,1.7132319810926828,1.6958839051690933,1.826852395414118,1.4346337391360358
2022-09-09,1.7313477686795995,1.712283033920486,1.8477827492152994,1.456921380208616
2022-09-12,1.7406918959726974,1.7206664265500007,1.8560714829546034,1.4725797534347278
2022-09-13,1.7329623933116114,1.7072557217957847,1.8292800269665341,1.4085486085901442
2022-09-14,1.742705183516992,1.7136606292783818,1.835159442760499,1.4139231308692133
2022-09-15,1.7269205237292167,1.700781390134021,1.821281989356545,1.397870326849425
2022-09-16,1.7167916505123566,1.6944230429125575,1.8122064972427967,1.3872063127336811
2022-09-19,1.7205376886614356,1.6973413209520523,1.8181885463694538,1.397963756780716
2022-09-20,1.7165107173225262,1.6929956857238604,1.8077468235134684,1.3819175112659567
2022-09-21,1.7097362478456146,1.686029096962189,1.7975895760047673,1.3578115534394455
2022-09-22,1.7074875742934505,1.6847675989564816,1.7917711007242323,1.346406083070944
2022-09-23,1.6773283939216004,1.656182922940343,1.7627513793166214,1.3238474721853213
2022-09-26,1.6552925547557127,1.6370365243157394,1.7423620839704361,1.3107508280112585
2022-09-27,1.6565879477535115,1.6415854877509088,1.7461217017786221,1.3074049548930176
2022-09-28,1.6747997316450347,1.6582963158707111,1.770032153585278,1.3331298279082786
2022-09-29,1.6602254662967164,1.6475872505920373,1.7528941052094835,1.3052820703704566
2022-09-30,1.6504749508032583,1.6393565750072223,1.7426911339104048,1.2850978684283336
2022-10-03,1.6508799572580757,1.6437504576680249,1.7645615266886745,1.319025935435544
2022-10-04,1.6499543021961538,1.6500549079766786,1.789130431672177,1.359898308653601
2022-10-05,1.6512019449112667,1.653536010023621,1.7926652306706612,1.3567321615854542
2022-10-06,1.6524166255866806,1.6520154432681495,1.7883264307416575,1.3427363118534612
2022-10-07,1.6532174109333295,1.649003016193121,1.776913750589776,1.3052820703704566
2022-10-10,1.6548128290192574,1.646134985860286,1.7696078925469316,1.2953160192635935
2022-10-11,1.6548143363298802,1.6440228729732884,1.764812940676275,1.2871128252716446
2022-10-12,1.6545803565813608,1.6447158933755723,1.7629572083328167,1.2828671712880144
2022-10-13,1.655241760479656,1.6509102402156075,1.7764889345385164,1.3167230947399051
2022-10-14,1.6555273541862796,1.6449433361209889,1.7576080899049493,1.286716898678575
2022-10-17,1.654282075567022,1.6479939760392288,1.770655339271663,1.3197816593132774
2022-10-18,1.6540216184715366,1.6499464843037657,1.7757092406651418,1.3352886116162621
2022-10-19,1.6550306656443503,1.6513120770697114,1.7706440779372805,1.3258261846587354
2022-10-20,1.6563117074848974,1.651677027548623,1.7680231379911573,1.3147084830810698
2022-10-21,1.6545888479765407,1.6550374134069115,1.7828272740708906,1.3466579526763582
2022-10-24,1.6553523667119088,1.6544810785097763,1.785820184814528,1.363136369154084
2022-10-25,1.6538128594104573,1.6557224076374455,1.7969972934304177,1.3849034720380429
2022-10-26,1.6527905144004653,1.656896171654952,1.8006732831371637,1.3744695809057748
2022-10-27,1.6530831013761875,1.6573150501186733,1.7994779318220782,1.367130038470809
2022-10-28,1.6531238606183025,1.6587769408323254,1.8051346813410316,1.3996550456477694
2022-10-31,1.6539767978840119,1.6593527490132551,1.8032946733474067,1.3895447074302676
2022-11-01,1.6586296199180752,1.6611083653018428,1.8078147890030207,1.3834643979608794
2022-11-02,1.645795412547686,1.654124779233015,1.7948177452936136,1.3487448229520052
2022-11-03,1.6539744252164352,1.655055351125765,1.7889997737560237,1.3348567858377705
2022-11-04,1.6640674071866255,1.6611267106352714,1.803557073111763,1.3540695236051516
2022-11-07,1.6719459474080645,1.6659406628732312,1.8071178775274699,1.3670222258530504
2022-11-08,1.6714120274473672,1.6671542788601732,1.8073214590593234,1.37439778253493
2022-11-09,1.6491712326923065,1.6573339237768276,1.7894416986271275,1.3460820699102105
2022-11-10,1.6554275657356725,1.6678079955616056,1.8202076981431914,1.4200549878869002
2022-11-11,1.652306374652541,1.6658715184001207,1.825515654563577,1.4337991981364628
2022-11-14,1.6465935341139342,1.6596916844870606,1.8134375459865566,1.4216022197662974
2022-11-15,1.6511909248533556,1.6649757848074027,1.8230950839220257,1.4337269395196517
2022-11-16,1.647084914257811,1.6596925162163412,1.8093367831545772,1.422789539299539
2022-11-17,1.6479201091225208,1.6592096640547231,1.8026529766146488,1.4184360726981506
2022-11-18,1.653474811441789,1.6653032892572222,1.810804596832245,1.424876179452203
2022-11-21,1.6553029386119689,1.6654798833080733,1.8117114907128287,1.4196951906022366
2022-11-22,1.669586886912887,1.680694470272735,1.8354235380249466,1.4388002308133512
2022-11-23,1.6614894930627626,1.6742441504200591,1.8288767510858575,1.4478669613007917
2022-11-24,1.6614894930627626,1.6742441504200591,1.8288767510858575,1.4478669613007917
2022-11-25,1.664659168020054,1.6785035990968766,1.8313336827151263,1.447542833078567
2022-11-28,1.6529786434494156,1.666639719025291,1.8121902900076037,1.4244444687352025
2022-11-29,1.6611090714416772,1.675960506184588,1.8242370477656442,1.4219979162363834
2022-11-30,1.6679811973995833,1.6889505722140812,1.8505452883754145,1.4667919302773371
2022-12-01,1.6555816844976854,1.674802626349929,1.835849547412919,1.465712423361854
2022-12-02,1.6556489641027226,1.6765741816079809,1.8336084385662041,1.4640213646177844
2022-12-05,1.6248226244589958,1.6475336125578945,1.794899046812719,1.437684709650954
2022-12-06,1.6154868340939963,1.6360864287296417,1.7771936723602648,1.4169607542510894
2022-12-07,1.6138195429081614,1.6344914306905325,1.7730453119053438,1.4145504461221676
2022-12-08,1.6120967910942234,1.6362665718031935,1.7749512523031996,1.4256316732069525
2022-12-09,1.5975783055950994,1.6246826844381481,1.7613510593408408,1.414982041777676
2022-12-12,1.6120393856075554,1.6353591760667672,1.7805517592401399,1.4353823292012822
2022-12-13,1.617325230377147,1.6422253203865878,1.7920872753801946,1.446247700927567
2022-12-14,1.6068084148832982,1.6321872928721926,1.7813093192627432,1.437000784144065
2022-12-15,1.5923887224244535,1.6160146287281327,1.7580749347334537,1.401849613479683
2022-12-16,1.5879114490708077,1.6113842773628535,1.7486954616719768,1.3852992835696205
2022-12-19,1.5827726353726679,1.607537724252612,1.7447167626119922,1.373552425755133
2022-12-20,1.6006225241431171,1.6198595680670367,1.7545792687791997,1.3754319552226688
2022-12-21,1.6219568487455418,1.636622810676801,1.7712244131573225,1.3959979311943773
2022-12-22,1.6083121771075777,1.6266673673028225,1.7603909056108884,1.3760825128969536
2022-12-23,1.63007805125265,1.6432517809240255,1.7743683889262274,1.3839979380980667
2022-12-26,1.63007805125265,1.6432517809240255,1.7743683889262274,1.3839979380980667
2022-12-27,1.6338396358947849,1.644387068067058,1.7734553027465298,1.3785402263604714
2022-12-28,1.6198629810402188,1.6309660627675846,1.7619668591295976,1.3614081455481832
2022-12-29,1.631171371933272,1.6407903975783242,1.7752749199276108,1.3859135968740084
2022-12-30,1.6283335552180942,1.6385995903845476,1.7742408488853922,1.3822631559871372
2023-01-02,1.6283335552180942,1.6385995903845476,1.7742408488853922,1.3822631559871372
2023-01-03,1.6115634625935429,1.6272569201584053,1.7623288356413798,1.3764436909195186
2023-01-04,1.6119354508629966,1.629693181032274,1.7611319795392717,1.387070194988956
2023-01-05,1.6085791393450113,1.6284377865187398,1.755295351846279,1.3712391144637461
2023-01-06,1.6361269007102055,1.6492333796563237,1.777172184382402,1.402684614725223
2023-01-09,1.6292174932158043,1.6444269891456686,1.7738915581042616,1.4018891946328402
2023-01-10,1.633857152960346,1.6480978293572752,1.7780486701361102,1.4117206237943698
2023-01-11,1.634476460499608,1.6502888834800027,1.7873466284632762,1.4295757510207379
2023-01-12,1.649323301331535,1.662065774571247,1.8072822976667933,1.4347806726609857
2023-01-13,1.6504298541892255,1.6633418243786882,1.813220627393085,1.4403468873852896
2023-01-16,1.6504298541892255,1.6633418243786882,1.813220627393085,1.4403468873852896
2023-01-17,1.6523831556947453,1.6643449226414024,1.8153409096657112,1.4377081821952684
2023-01-18,1.6329154547018507,1.6450013432268789,1.7878982068298266,1.4150098866586764
2023-01-19,1.6322504641309623,1.6424236648202986,1.7833330267389738,1.404708661426382
2023-01-20,1.642880058766838,1.652359146282829,1.7965643152529174,1.4308770964922917
2023-01-23,1.6443178135488052,1.6550567953513506,1.8051944900387435,1.4480456517974607
2023-01-24,1.6512761154428044,1.6606962623191706,1.8117214228667202,1.4464915162285592
2023-01-25,1.656850097207919,1.6646576890639464,1.817705982557759,1.4470335709161355
2023-01-26,1.6695616896369443,1.6773478425630413,1.835501301565355,1.4629370251196483
2023-01-27,1.6611253187338682,1.6723002238212852,1.8280815461801483,1.4662983164777827
2023-01-30,1.6550358968852674,1.6661285760503435,1.813012199277385,1.4479011345638382
2023-01-31,1.6688798514870802,1.6787382724955642,1.840337769361414,1.4691899268266433
2023-02-01,1.6613930709791869,1.6746444113364034,1.83866564889024,1.4848041164399273
2023-02-02,1.653127204746588,1.669950457850054,1.8359129131693508,1.506418647785842
2023-02-03,1.6370888828395267,1.6516986209523319,1.8111834263037156,1.490406920718604
2023-02-06,1.6250457997321575,1.6403390867244632,1.7968602460756016,1.481298192786679
2023-02-07,1.6439769963412274,1.6580564468071233,1.8222602113103539,1.5006714413350342
2023-02-08,1.635420606568294,1.6481103325877153,1.8079235762900259,1.4842621768138426
2023-02-09,1.625218159933776,1.6381164175141874,1.7940474968789957,1.4713947351313212
2023-02-10,1.6429398266174706,1.653286699581584,1.8130426740187324,1.47482851522925
2023-02-13,1.649924070838012,1.6618716770509594,1.8261317904483123,1.4921414727065498
2023-02-14,1.6597909653707221,1.671566400998361,1.8365454420666334,1.4914550158468427
2023-02-15,1.6605382603627585,1.674000269113526,1.837812810509586,1.4962981841570668
2023-02-16,1.6553825182888537,1.6683541567494855,1.827640848534503,1.4756959638154608
2023-02-17,1.6368182128574384,1.6525475079018854,1.8075522113129918,1.4720093936201841
2023-02-20,1.6368182128574384,1.6525475079018854,1.8075522113129918,1.4720093936201841
2023-02-21,1.621712386641706,1.6355457988346298,1.7820623892886505,1.4424795521346483
2023-02-22,1.6154260308216997,1.6298814025520536,1.7752717732587624,1.440491519680404
2023-02-23,1.6255338180637056,1.6400340403073472,1.7897352653387202,1.4481541547841692
2023-02-24,1.612412856479015,1.625464830719692,1.7723261335240674,1.4326842522815244
2023-02-27,1.627679158717025,1.638718967260704,1.7883695324471847,1.4375637800231378
2023-02-28,1.621559838146045,1.6348936550031632,1.7833465626825533,1.4322507005806568
2023-03-01,1.6366855879921378,1.653954263275426,1.8019208212428304,1.4267565143501804
2023-03-02,1.6327056316076054,1.6511687119783387,1.8002798858149376,1.4378530446133662
2023-03-03,1.6547253591601214,1.6721512762356467,1.832119959571644,1.4609129784184898
2023-03-06,1.6513201448624737,1.6679829547190737,1.8263489837218894,1.4619249442383229
2023-03-07,1.6277755135643135,1.642924201460287,1.7923849556169442,1.4395154530459926
2023-03-08,1.630505362326643,1.6452958134273574,1.7950482229311984,1.441864893645785
2023-03-09,1.608258936490697,1.6204400077736714,1.7623100552609299,1.4152630219404991
2023-03-10,1.5872629343919575,1.6064006207100767,1.749752751048994,1.3948413330794294
2023-03-13,1.558706072368175,1.5882709668455806,1.7375938874490533,1.3928535307481684
2023-03-14,1.5826793194058495,1.6013710351677355,1.750838161490573,1.4158774503063785
2023-03-15,1.5205378929072502,1.561632499174553,1.7215249734626974,1.4070217425947844
2023-03-16,1.544281780719903,1.5783028726667123,1.737714525258542,1.4317085308315882
2023-03-17,1.5157439488511237,1.5492393574564443,1.7008189562044203,1.4149678892141917
2023-03-20,1.5376682446090617,1.561898418089915,1.7119457102583937,1.4285736804891938
2023-03-21,1.5742281086845897,1.5851769706169023,1.7308699972505206,1.4473315801797357
2023-03-22,1.5574781573940772,1.5676546896153778,1.7063470227852116,1.4226596348753666
2023-03-23,1.5521669266512224,1.5651618953498554,1.7056290896676358,1.4265056802981912
2023-03-24,1.5461036948255795,1.5614566442666609,1.7055005679165354,1.4358665079585136
2023-03-27,1.5653877296750949,1.5814616700543676,1.7293439208129369,1.4385513528067218
2023-03-28,1.5727443836278783,1.5885156282581037,1.7383116092710098,1.4353221520411026
2023-03-29,1.5956184369351567,1.6121840827310343,1.7657175863021404,1.456184411354036
2023-03-30,1.611373653028844,1.6282902656892404,1.7859120358580838,1.464710813076276
2023-03-31,1.6159124664488382,1.6344289231687383,1.7988279065066004,1.4853552609853498
2023-04-03,1.6234912273641033,1.6435264466045714,1.808186892297741,1.491015365886912
2023-04-04,1.616476677610265,1.6360799736824752,1.7985070915543768,1.4827429048769367
2023-04-05,1.6112185126038665,1.6290304246856562,1.7915835457122389,1.4788608452071976
2023-04-06,1.617523810142202,1.6354198709806418,1.7997884457336404,1.4846296832184518
2023-04-07,1.617523810142202,1.6354198709806418,1.7997884457336404,1.4846296832184518
2023-04-10,1.6257374008487235,1.6436938975088942,1.8067103411599092,1.4861533274920429
2023-04-11,1.639820084480724,1.6581591017773458,1.825281692463363,1.4865524758068807
2023-04-12,1.6437411317360988,1.661756868126995,1.8290619178297705,1.4804933376519722
2023-04-13,1.6608025155317445,1.67975890520525,1.8545623431557816,1.5001582670818827
2023-04-14,1.661866736004281,1.6796355954115094,1.85525729646703,1.4964937886930199
2023-04-17,1.6670799040501745,1.6833720373613867,1.8620559908828243,1.5018637085124191
2023-04-18,1.6787436229082857,1.6953984000099591,1.8770887905404925,1.5028431119300905
2023-04-19,1.6751498815080752,1.6912975941717652,1.8698940283847254,1.5025894013408088
2023-04-20,1.678651003442685,1.6939257074854326,1.8691593500663046,1.49438954413212
2023-04-21,1.6784519392176596,1.693895428874175,1.868292926482586,1.4955508597682288
2023-04-24,1.6872343266964915,1.7027760649355452,1.8785146153978918,1.4971109785347003
2023-04-25,1.6643521487864352,1.6781879556453645,1.8469028520525879,1.4733458328467162
2023-04-26,1.6591164747459697,1.6724885810504186,1.8396003272205388,1.4671051276578457
2023-04-27,1.6815660171648514,1.6963171349001156,1.8697016762623861,1.4963124517820403
2023-04-28,1.687815286107359,1.7026397790868903,1.879634156073899,1.5090837020574688
2023-05-01,1.6842176135891072,1.69770106822046,1.8732180424721683,1.5075598276608944
2023-05-02,1.66621207260746,1.6787863477865403,1.8477298856254705,1.4906159874490892
2023-05-03,1.6665687014591137,1.6791800496566527,1.8454262615636667,1.4803846045422793
2023-05-04,1.658852313424665,1.6726688118520434,1.8363644238644545,1.4698991658617124
2023-05-05,1.688168939838328,1.7023462312457893,1.8757993708234535,1.4971109785347
2023-05-08,1.6965731710199532,1.709849166899299,1.8849220243096974,1.497509781665063
2023-05-09,1.6931585580684352,1.706538209653444,1.8800604019245009,1.4909427620856244
2023-05-10,1.7009171922974087,1.7143284919957518,1.8883541159669086,1.4979088149184094
2023-05-11,1.6976512027387045,1.7086922922080305,1.8807614232504364,1.4952965738714878
2023-05-12,1.6911510311341573,1.702885014378392,1.8724602122355771,1.4933374218516697
2023-05-15,1.6974060313989061,1.7080033732136675,1.8814541728086556,1.4984894152057178
2023-05-16,1.686432348350867,1.6972746572804485,1.8669211441364189,1.4884754985182922
2023-05-17,1.6959459965930965,1.7066125959658485,1.8814406326351034,1.506543949750342
2023-05-18,1.6951456567230596,1.7049624134197876,1.880336881911943,1.5210568858262044
2023-05-19,1.6973342394361708,1.7090592523106267,1.885324678177698,1.518843793094121
2023-05-22,1.6993350870793458,1.714441448330623,1.8898703236303898,1.519460637751327
2023-05-23,1.675187849967748,1.690160195670491,1.8602940121068432,1.502407949368338
2023-05-24,1.6583472341855638,1.6738609588620061,1.840054404040183,1.4915231322499494
2023-05-25,1.657481353232744,1.6733261550435767,1.8374259276497604,1.5044397051894425
2023-05-26,1.6739733796884373,1.6897604712117626,1.859887998549845,1.5239230675853908
2023-05-29,1.6739733796884373,1.6897604712117626,1.859887998549845,1.5239230675853908
2023-05-30,1.6656942720968049,1.6807854947345864,1.8462888620909628,1.5245037829341912
2023-05-31,1.6434333766339042,1.6586456371883755,1.8197454704721294,1.5160502151362207
2023-06-01,1.6632450653058202,1.6800238929536735,1.8434632562382078,1.5304538427949324
2023-06-02,1.68565549423329,1.6996714391765337,1.8663113057451646,1.5525860357921748
2023-06-05,1.6861711460208995,1.6991279197308056,1.8656064154679723,1.5496110058618042
2023-06-06,1.707460665348973,1.7183833486750375,1.8855650962345532,1.5529850690455214
2023-06-07,1.697918963975113,1.7108131585911945,1.8778574950091413,1.5476153793491054
2023-06-08,1.7126814630031468,1.724754182439267,1.8939330465269224,1.5569763220709196
2023-06-09,1.7111187515562565,1.7233945932754176,1.8919075855341712,1.5597697849673282
2023-06-12,1.7299733861388806,1.7404398251965174,1.9107862639391253,1.5739199321597417
2023-06-13,1.7442834972569117,1.7537941626618305,1.9281334567602721,1.5842966377306167
2023-06-14,1.7491187535357737,1.757514050736414,1.9319335834670832,1.5861833010106399
2023-06-15,1.7680928897334647,1.776117601998688,1.9558381292735163,1.6058483455020423
2023-06-16,1.7646826381298881,1.7716214404362667,1.9511687015095662,1.6003784372463226
2023-06-19,1.7646826381298881,1.7716214404362667,1.9511687015095662,1.6003784372463226
2023-06-20,1.7588374609978292,1.7644749557065875,1.9416229694958358,1.5920756000025287
2023-06-21,1.7501936473719868,1.7566005985816455,1.931686287567665,1.5839178552998159
2023-06-22,1.7430676403469756,1.7483515599874284,1.9209986685447984,1.589635490947247
2023-06-23,1.726594818420668,1.7316307178769472,1.9011876392822593,1.5776181235656839
2023-06-26,1.71627965286532,1.7217142288771348,1.8888537462710768,1.5711721486755532
2023-06-27,1.7402860711105328,1.7422893675246327,1.9114527199593851,1.5883971991731654
2023-06-28,1.7435580735353997,1.7444210347544147,1.9144123038736507,1.5891986024631186
2023-06-29,1.7433553678712612,1.745522477240018,1.9164190517555428,1.5954622048888454
2023-06-30,1.7622071825146661,1.7632558863706376,1.9377202679498702,1.6142896017203967
2023-07-03,1.7718125957605906,1.7727652143420194,1.9489970626231006,1.616146924320027
2023-07-04,1.7718125957605906,1.7727652143420194,1.9489970626231006,1.616146924320027
2023-07-05,1.7537436844060048,1.7551282261089811,1.9297890406762428,1.6137436349421013
2023-07-06,1.7178750198295598,1.7201438194404024,1.8904871358391055,1.6011067764890226
2023-07-07,1.7391956628731604,1.7405611561058523,1.915656436786578,1.5970643210998012
2023-07-10,1.7578792868370443,1.7591131106290672,1.9360127760347121,1.6011067764890228
2023-07-11,1.7779412219565471,1.7776665375716918,1.9613110505606344,1.6113035258868196
2023-07-12,1.8092727712976113,1.8076354279584712,1.995814888484276,1.6242681945298592
2023-07-13,1.830441237396744,1.8280086489061935,2.0206461180106174,1.6371594539411702
2023-07-14,1.8197429707779684,1.8177988633593862,2.0065927823858627,1.636140009124374
2023-07-17,1.8295276496649089,1.825937352640447,2.014529473470648,1.641820825094449
2023-07-18,1.8413750563095717,1.836868998010598,2.030146843359029,1.6540205649404163
2023-07-19,1.835340436784334,1.8315050922169755,2.0260189857894764,1.6576987356467963
2023-07-20,1.8139620852815113,1.8127242702430393,2.0040084322741127,1.6467008130820295
2023-07-21,1.814340359272038,1.8126699710816645,2.004382724303518,1.6467008130820295
2023-07-24,1.81995476902806,1.8180207735858391,2.0124545664552596,1.6540569243718055
2023-07-25,1.8326079863205205,1.8302237296639312,2.025322352050201,1.6585727427380357
2023-07-26,1.837624469945377,1.835760179081207,2.031033382722236,1.6588276039422347
2023-07-27,1.8203895944485948,1.8186349941103015,2.0118681977038837,1.647829681377468
2023-07-28,1.8417398462045262,1.8387979477541196,2.036862315966254,1.6639623380725221
2023-07-31,1.849587320321696,1.8471436435063922,2.0484002143256457,1.667130786370504
2023-08-01,1.834266670263828,1.830991901623303,2.030766532313963,1.6623601068000744
2023-08-02,1.7960766211225645,1.793609053641535,1.9867447317044837,1.639235508436594
2023-08-03,1.791434119302305,1.7891961352468557,1.9839439619392296,1.634537432667451
2023-08-04,1.7992524463634916,1.7986100654096018,1.993220415599443,1.627144961946286
2023-08-07,1.8126142121556676,1.8116884475075505,2.008720351687542,1.64134746211744
2023-08-08,1.8001013716682108,1.7990513043653915,1.9948922410317,1.6342098526004738
2023-08-09,1.7960055598438485,1.7960333238395025,1.9918752238840092,1.6232847639599772
2023-08-10,1.7960239774894837,1.7958225948465416,1.9909152981550864,1.6238673202926455
2023-08-11,1.788877308189569,1.7896050782310438,1.98346984068529,1.622920364215644
2023-08-14,1.7880811174121196,1.7880709865438469,1.9809381443850078,1.6318791670238348
2023-08-15,1.7648492663401143,1.7641986232314928,1.9531270353767587,1.6128695127893706
2023-08-16,1.7523334825715597,1.7528602515540486,1.9377418150708743,1.601034057626245
2023-08-17,1.7263811204347992,1.7286656301957548,1.910280163169659,1.5888343177802777
2023-08-18,1.7291043463860738,1.7293888855435382,1.9138671777309677,1.5895991315158584
2023-08-21,1.7359519811491542,1.736645170138625,1.9216200346751822,1.5999417788851789
2023-08-22,1.7386680159956451,1.7395903358238998,1.923764262671346,1.595607872737386
2023-08-23,1.7627188555780078,1.7626739373570401,1.94901868080244,1.6133793502592606
2023-08-24,1.7378624231334543,1.739965557502076,1.921689105017425,1.5910194505698694
2023-08-25,1.7478418599965508,1.7500241787666841,1.9348332305431104,1.6022355297229705
2023-08-28,1.7708449925600978,1.7726006489951702,1.9599630403141008,1.6123960347508701
2023-08-29,1.7994442038246272,1.7986929493589168,1.9923014757350521,1.6357028905172628
2023-08-30,1.8058484298613653,1.8046583898360313,1.9993160409413109,1.6424400860429815
2023-08-31,1.793700810265704,1.7924888603284288,1.985972813269045,1.6400365665420722
2023-09-01,1.8012118480793413,1.7995066692706216,1.9955280326881188,1.643095706422903
2023-09-04,1.8012118480793413,1.7995066692706216,1.9955280326881188,1.643095706422903
2023-09-05,1.774564567731289,1.7717757002489154,1.9647967032027216,1.6359943412758344
2023-09-06,1.7614949137096945,1.7592185072350803,1.949658711649428,1.6249961885880844
2023-09-07,1.7512575306137081,1.748859675528141,1.9378822409508636,1.6200071223063368
2023-09-08,1.7520536980943018,1.7495623448064443,1.9396601773726325,1.6224470012386354
2023-09-11,1.7623032090585449,1.7602577680549614,1.9541049031675386,1.6331173437364246
2023-09-12,1.7522304437400213,1.7512391370165863,1.943109056927725,1.6241587710512173
2023-09-13,1.7448774057695282,1.745087871333234,1.935641236725284,1.626052338020745
2023-09-14,1.7653733824013278,1.7655541800690346,1.9614552946525265,1.640072695850478
2023-09-15,1.7472535188134846,1.748454896346766,1.9409396385119895,1.620312840689884
2023-09-18,1.7459228441806673,1.7465815634451527,1.9393165932777032,1.6212630184886538
2023-09-19,1.743287254688168,1.7444798573760243,1.9373064875685604,1.6179006915770942
2023-09-20,1.7308086392438284,1.734182699711454,1.9238759315841056,1.6030268076016507
2023-09-21,1.7005244170870553,1.7017295150140874,1.886058311299051,1.5765315978992054
2023-09-22,1.7040768279644494,1.7034446670317591,1.8877775733386435,1.5729863232157826
2023-09-25,1.7027977762935123,1.7030101726784739,1.8893326257052492,1.5796013234372759
2023-09-26,1.675928446971373,1.683332075369014,1.8730914112754042,1.5563950314146617
2023-09-27,1.679629864722284,1.6880149371425113,1.876619142394375,1.5570162484085537
2023-09-28,1.696335869501882,1.7003250371290028,1.886303974807388,1.566042822435378
2023-09-29,1.6900412625943868,1.6954098748677453,1.8816839700307395,1.562242226301789
2023-10-02,1.679753002756775,1.6873460536940608,1.8741493026100828,1.5616208942464052
2023-10-03,1.64670463989184,1.6649827293981176,1.8540134693407848,1.5407169826734628
2023-10-04,1.6528389758371071,1.6689301097658458,1.8567241446190417,1.551936283548333
2023-10-05,1.6570198699476555,1.6705684956842004,1.8563762174756995,1.5513516561088136
2023-10-06,1.683526607678955,1.6864547135485015,1.8688282899523354,1.5697704695832047
2023-10-09,1.6904632814390996,1.6919206616495421,1.8709556583355766,1.5798205155790361
2023-10-10,1.707679832119384,1.704021288694717,1.8836704270703586,1.5880433850860725
2023-10-11,1.7111902020187166,1.7070887872017788,1.8877092810357068,1.5945483865214645
2023-10-12,1.6901166897310502,1.6878278423524833,1.8604819575078568,1.584827416392003
2023-10-13,1.675126128886389,1.6728011626359331,1.8439638950487351,1.576933507689845
2023-10-16,1.6945672292640315,1.6860800276827521,1.8584384483459502,1.5935250296139494
2023-10-17,1.6989867799511318,1.689605370057484,1.8651525022976871,1.5934519655666957
2023-10-18,1.6673575453252392,1.6586571940934638,1.8259437570789574,1.572219208250367
2023-10-19,1.652373164153215,1.6472689363305446,1.8153065302619733,1.558404925552336
2023-10-20,1.6321843639260347,1.6359770848585171,1.8027068782931785,1.539255241482427
2023-10-23,1.639704055239214,1.6420378007094591,1.8057948563664914,1.5365871956120127
2023-10-24,1.658743108439517,1.657895962476493,1.8172227256431073,1.548172276969117
2023-10-25,1.62798063680063,1.6373729351431436,1.7987715864016554,1.525952522176662
2023-10-26,1.6164753444788142,1.6291636602387278,1.7923197661878953,1.507679836796778
2023-10-27,1.614289166943542,1.6269616096877015,1.7891562308502431,1.5008458745565079
2023-10-30,1.6314104076685196,1.6384518152685388,1.8016779653283859,1.5187897141930058
2023-10-31,1.6430028034324704,1.6470364456975906,1.8086010320461894,1.5283281967965712
2023-11-01,1.6546420455685324,1.656986140619577,1.8226420538638985,1.5446274625316618
2023-11-02,1.6678995483905652,1.6674693292859974,1.8420597260480789,1.5742292174495338
2023-11-03,1.6760415601400038,1.673122434984943,1.852094720656237,1.5885914229712197
2023-11-06,1.6769209317622413,1.6739810947918679,1.8515734821228527,1.5922457759488098
2023-11-07,1.6802576334333879,1.676253832094928,1.8512419950458627,1.5967774728009
2023-11-08,1.6787225465497293,1.675920459900026,1.847390718876407,1.5979470728644143
2023-11-09,1.6798461780206138,1.6745279941378366,1.8414068640464059,1.5854849928172847
2023-11-10,1.694230733077589,1.6880706338106062,1.8638747684274732,1.6102260900781886
2023-11-13,1.694069364671189,1.6871522384396496,1.863083433843152,1.608691399901391
2023-11-14,1.7143352241170808,1.709120855494451,1.9017271252118253,1.6399011391662979
2023-11-15,1.719350369354597,1.7120089979485489,1.9032779872589203,1.643373004617992
2023-11-16,1.7238276368261207,1.7172335868215505,1.9040158547091497,1.6453828987556667
2023-11-17,1.7291968113426022,1.720169040786653,1.914381627861622,1.6474294975092059
2023-11-20,1.742466873522336,1.731640969782511,1.932779519338459,1.660110769698095
2023-11-21,1.7403247609444985,1.7304926861910435,1.9280371089686101,1.6564926610904025
2023-11-22,1.7442325876139915,1.7337173727192896,1.93238257992607,1.6628881239856599
2023-11-23,1.7442325876139915,1.7337173727192896,1.93238257992607,1.6628881239856599
2023-11-24,1.749861984180938,1.735010154834848,1.9382679979327995,1.663911480893175
2023-11-27,1.7494538878320334,1.7345802254984606,1.9367256636978496,1.6609148194023577
2023-11-28,1.755864860192565,1.740352925493408,1.943060359852143,1.6625592782422731
2023-11-29,1.7527686269632827,1.738847999335762,1.9443520222740749,1.6613897932402508
2023-11-30,1.7518200712913277,1.7359327218711833,1.9412533875290332,1.6679313842300156
2023-12-01,1.7818487714922362,1.7658751731121813,1.9789035404345174,1.6777987125769676
2023-12-04,1.7831868524912828,1.7680583147607827,1.9778437053618592,1.6689912156304119
2023-12-05,1.7816774562245303,1.7662293896024814,1.9731248283660527,1.6686623698870255
2023-12-06,1.7640992580793518,1.7500461536557348,1.9505356387169044,1.6619380612483814
2023-12-07,1.7768632142977854,1.761463043352656,1.9669432142991952,1.674618988252796
2023-12-08,1.8004276107232065,1.7835240496766451,1.995846745165585,1.681818846036792
2023-12-11,1.7902086355295672,1.7712174880295477,1.9841664787865851,1.688360206903573
2023-12-12,1.7989955598847875,1.77864181128931,1.991858792759889,1.6960713979568516
2023-12-13,1.8358553787298542,1.8140687356491356,2.0404348792346187,1.719460522689837
2023-12-14,1.8637429928149007,1.8417947995456403,2.0814112576027264,1.7249787567720865
2023-12-15,1.85023865516242,1.8291551755233335,2.066599648230459,1.7221386939715242
2023-12-18,1.8624951780810002,1.838926606698057,2.084774611166794,1.7318259510839065
2023-12-19,1.8813139558815597,1.8580092405486128,2.1125509625358854,1.7423569541152015
2023-12-20,1.8515024246062992,1.8317427556176036,2.0746108071502194,1.7182126808119416
2023-12-21,1.8842949103830466,1.8622517047946099,2.116664355153836,1.7345046976730525
2023-12-22,1.895554580221445,1.8725934443878778,2.129230527063161,1.7379903705037552
2023-12-25,1.895554580221445,1.8725934443878778,2.129230527063161,1.7379903705037552
2023-12-26,1.906316512535665,1.8827306882089796,2.1447577299951486,1.7453288773852955
2023-12-27,1.925250081519677,1.8996415321216802,2.165564861541819,1.7484847839806776
2023-12-28,1.9218192709785449,1.897252705134373,2.1591960531441723,1.7491451218817602
2023-12-29,1.893350692612418,1.870217837235398,2.12415598545727,1.7440814957533666
2024-01-01,1.893350692612418,1.870217837235398,2.12415598545727,1.7440814957533666
2024-01-02,1.8547451824161243,1.830001163325641,2.0733102485935446,1.7343209444707472
2024-01-03,1.8217921307663048,1.7963441880654487,2.0312479325801567,1.7201573350838006
2024-01-04,1.8224335707144679,1.7981968557412846,2.0309776671225603,1.7146164338876788
2024-01-05,1.8261157731959077,1.8006267511898695,2.0361110281389796,1.716965184118521
2024-01-08,1.8726010546245468,1.84778904288365,2.09359753421023,1.7414761583959495
2024-01-09,1.8708665962542703,1.8431296276034177,2.085843539486664,1.7388341164226677
2024-01-10,1.8863435563719881,1.8569582552485464,2.103029546014737,1.7486681919985072
2024-01-11,1.8854725924068123,1.8534834231270592,2.1008063098159075,1.7478976251883396
2024-01-12,1.8755538288392226,1.8396885164092645,2.0865431558530783,1.749108302204404
2024-01-15,1.8755538288392226,1.8396885164092645,2.0865431558530783,1.749108302204404
2024-01-16,1.862890185168542,1.82687894549805,2.067273768613998,1.7426869504735052
2024-01-17,1.8498855248501476,1.8137146469504712,2.0499571037145135,1.7329999234841065
2024-01-18,1.86598852035194,1.8263814336158883,2.068823610337718,1.7484111446259651
2024-01-19,1.8965526507262547,1.8562112363151537,2.107623433282386,1.7702072430058418
2024-01-22,1.9168547442424992,1.876158390537974,2.1313946895093796,1.7739500782705782
2024-01-23,1.9095070742925966,1.8657008758444475,2.121703089191993,1.7791238182465652
2024-01-24,1.905109285231548,1.8613190655279435,2.118332499402971,1.7810685875799162
2024-01-25,1.9188862280286878,1.8760167106409642,2.1380445225784306,1.7907557296308065
2024-01-26,1.9242176007000715,1.8842114036779618,2.1495004896934518,1.7884806187546765
2024-01-29,1.955184999761089,1.9170390823610173,2.1908463958208375,1.8026442281416233
2024-01-30,1.9450988992145182,1.9060400155928048,2.1763580771848448,1.8012500280462371
2024-01-31,1.8961131789930237,1.8579614626484755,2.1128012466260375,1.771858375412278
2024-02-01,1.9254860608341688,1.8849019513580156,2.1443914845929393,1.7950489040105244
2024-02-02,1.9468931174836406,1.904030959623815,2.1653725374900983,1.8139460281060695
2024-02-05,1.92573576057097,1.8825337805684927,2.139393199641106,1.8073411532958488
2024-02-06,1.9300582340402819,1.8866981865037251,2.147139677957982,1.812588417565056
2024-02-07,1.9504254822491995,1.9081503966207274,2.173453971751367,1.8277062319029835
2024-02-08,1.9670561353619544,1.9287361926145805,2.1985291582478586,1.8285132732060319
2024-02-09,1.989149361594307,1.9541062393450055,2.230018877654272,1.8390809808531912
2024-02-12,1.9967075727804793,1.9679446298563998,2.2473433634458244,1.838273709427159
2024-02-13,1.9444759317324098,1.9159712009264596,2.1819415679535092,1.8129552336007155
2024-02-14,1.989437946644361,1.964887471170189,2.240568968216231,1.8294305434181648
2024-02-15,1.9963401128858829,1.9695185751308637,2.2506211919014083,1.8420532493077597
2024-02-16,1.993601779600153,1.9679746392842048,2.247329385858172,1.832879856817478
2024-02-19,1.993601779600153,1.9679746392842048,2.247329385858172,1.832879856817478
2024-02-20,1.979088065760097,1.9553357869152495,2.227570604630936,1.8227891941150633
2024-02-21,1.9607956701374143,1.9349820870750762,2.2051964311002203,1.8244404415829913
2024-02-22,2.0046744121614193,1.9770472238407992,2.2600836900178467,1.8621981002197083
2024-02-23,2.0027641260098368,1.9706261802406233,2.2524979783262165,1.8634824165904846
2024-02-26,2.025737343235533,2.000075870274602,2.2883762716021336,1.8566570839620946
2024-02-27,2.0375561092230914,2.0160406103414297,2.307890085874277,1.8601066274843914
2024-02-28,2.0227152133770923,2.002707481666962,2.288303172338777,1.8576478784674482
2024-02-29,2.0392192948806698,2.019511229731559,2.308449951432318,1.8643262775708893
2024-03-01,2.0690084608173054,2.0534570000606163,2.3515594164641107,1.8818289714480645
2024-03-04,2.075007942548791,2.061301792541409,2.3603661192261427,1.8798110230059681
2024-03-05,2.0278577761906833,2.006564430755404,2.2948567801184447,1.8610238976965245
2024-03-06,2.032083389322208,2.0163300414360883,2.309421433911361,1.8704538773133812
2024-03-07,2.0586094399011072,2.04665101690269,2.345978582054761,1.8890208899891308
2024-03-08,2.0409366315733766,2.0294080981930995,2.325294774292862,1.8776827305932955
2024-03-11,2.038326549603537,2.0247576476072044,2.3193145885496804,1.8760680726797396
2024-03-12,2.0659807113436903,2.05454265262093,2.353903240870641,1.8962497432690442
2024-03-13,2.059663231006562,2.048680397454707,2.348525808687519,1.8932771296300002
2024-03-14,2.0349208252140363,2.018845839329866,2.3123740850283947,1.8895349847342144
2024-03-15,2.0196620720298952,2.004822414128562,2.2956628790403286,1.8765601906799019
2024-03-18,2.0299424849823517,2.014120386205337,2.3109413472845457,1.8877127558895637
2024-03-19,2.03539244236081,2.0165496608154934,2.3158905255949707,1.8982031422142753
2024-03-20,2.0765513258860877,2.0667045846489804,2.3767999324617284,1.915759684869584
2024-03-21,2.094051555773838,2.0850262136770357,2.399654249953587,1.9220909434524525
2024-03-22,2.0831611450248926,2.071942131374869,2.3815103316454365,1.9184471761321025
2024-03-25,2.0872717174062534,2.081503734600739,2.3947285885021494,1.913146868515204
2024-03-26,2.082678438867082,2.074789040096666,2.3859490752019514,1.909613099980955
2024-03-27,2.0904944352397643,2.0831792374383817,2.3978181419194167,1.9256613015410737
2024-03-28,2.096314395079056,2.0901986958039274,2.407229182748507,1.925293104767513
2024-03-29,2.0960241728687703,2.0899731476861207,2.406969424663121,1.925293104767513
2024-04-01,2.0899876455156496,2.0810382109387606,2.3966722420524262,1.9219434346200446
2024-04-02,2.0632528812200555,2.0514772667328307,2.360632005305077,1.9097239041974985
2024-04-03,2.0792676245125596,2.0670158675328647,2.379442018440649,1.9118214751918774
2024-04-04,2.0452213248001208,2.03527738294692,2.338852435037809,1.88848585405255
2024-04-05,2.0702842130603236,2.0560190473516347,2.3655478297167547,1.9082144124873914
2024-04-08,2.081258817697067,2.070197467609771,2.384959922140044,1.9092817228847505
2024-04-09,2.0776971724321482,2.0657220257583564,2.377968157704592,1.911490328218656
2024-04-10,2.0448613879629263,2.0351728878359325,2.3387885359151137,1.892350654498528
2024-04-11,2.0671487055591107,2.0610522731634253,2.369313952532633,1.9066319717915223
2024-04-12,2.0174714365020554,2.006224618202833,2.2996307941897784,1.8803144170323203
2024-04-15,1.9746546832873157,1.9543106611401742,2.2398050998137546,1.8567575326443813
2024-04-16,1.9649602010403546,1.9440307321749908,2.2256332255037328,1.8533712729425402
2024-04-17,1.9546339130986288,1.9286485933316473,2.205455338717982,1.8424025759966751
2024-04-18,1.9524622780567924,1.9292548605773443,2.204551385740999,1.8386114149054087
2024-04-19,1.9303580547425772,1.906383734256796,2.178744786124305,1.8225634434682734
2024-04-22,1.9593554116835965,1.9420913409089398,2.220681457805404,1.8393475783295468
2024-04-23,1.9996170732101655,1.9837007851048374,2.2730578018609315,1.8611743981277173
2024-04-24,1.991278303827759,1.9738464227698498,2.26061588655099,1.8602911861171385
2024-04-25,1.9786121423482248,1.9632226786309568,2.2467398473605837,1.8532241092946076
2024-04-26,2.010919247410766,1.9959056442951502,2.287853496202329,1.8707814573803583
2024-04-29,2.014205067286089,1.9967180002335725,2.2898797641615993,1.877406467951633
2024-04-30,1.9718318941598796,1.9384789937715674,2.216457581583153,1.8476662940592004
2024-05-01,1.969958631417445,1.9395563143281689,2.2151601201853044,1.8416664125725368
2024-05-02,2.0016218670809525,1.975255347226028,2.2596412555724683,1.858892383562083
2024-05-03,2.031282059895025,2.006550416492703,2.2968071026303147,1.8819339075285286
2024-05-06,2.0681849329627098,2.0462607737652725,2.3450610012902686,1.9013682537289969
2024-05-07,2.0561693409581085,2.0346722068451197,2.331601943416377,1.9034665150923258
2024-05-08,2.0487824886689525,2.027068415090707,2.3226379109237234,1.9036504984176146
2024-05-09,2.068181311428264,2.0442566439491006,2.3456502003033424,1.914618850179005
2024-05-10,2.0610413906753142,2.0347022865740745,2.3333113923218756,1.917085308315895
2024-05-13,2.0571985841860347,2.032140130656863,2.331418726035766,1.9173429309958956
2024-05-14,2.080367280967751,2.054950258054841,2.3577997211659256,1.9261398422852114
2024-05-15,2.120710179895158,2.100639895306443,2.412489404602494,1.949991284091999
2024-05-16,2.099379229068333,2.0782064492152013,2.3852584937637142,1.9459790898751048
2024-05-17,2.1169228726195946,2.0979896522535877,2.4088983386294114,1.9487766949852157
2024-05-20,2.134930582534588,2.123808289711074,2.438678654389803,1.9510217748120022
2024-05-21,2.132216341924873,2.1206302534365595,2.4332085901820815,1.9558064918844236
2024-05-22,2.0952190513080384,2.0867175849132162,2.3911033061849216,1.9501753824787795
2024-05-23,2.0624579335167095,2.0548069221287455,2.348583107915887,1.9359305396786661
2024-05-24,2.0878062296889945,2.0832980599637456,2.3845439346513224,1.9487398753078597
2024-05-27,2.0878062296889945,2.0832980599637456,2.3845439346513224,1.9487398753078597
2024-05-28,2.0879071828122426,2.0870172483598006,2.389874879298216,1.9501017431240673
2024-05-29,2.0617120531049644,2.0588422578671453,2.3531333558007628,1.9364457850386674
2024-05-30,2.0637785749191515,2.0577754651351428,2.3530897601499077,1.9236005502240516
2024-05-31,2.072730896355162,2.063958651064765,2.361663688887041,1.9411205033249874
2024-06-03,2.0709215286977973,2.0640272629305056,2.352959318853734,1.9427030590823482
2024-06-04,2.0377496543684153,2.0317477000469624,2.3136319952503634,1.944874729677406
2024-06-05,2.06360569506565,2.0616680968848797,2.3520669805688756,1.967989892998564
2024-06-06,2.0625404918529213,2.061417981751677,2.3523163193948435,1.9679533034441914
2024-06-07,2.0382587545561783,2.033071496808628,2.315768574994415,1.9655609449079807
2024-06-10,2.0464382195993576,2.043212887376768,2.3315240667378463,1.971634120564881
2024-06-11,2.0187707186176276,2.0125756571273636,2.295671926881367,1.9763822480829298
2024-06-12,2.050188769137577,2.0489419927248376,2.338128059399654,1.9926139727223702
2024-06-13,2.042845404063444,2.040966569501577,2.3263229384298447,1.9966261669392646
2024-06-14,2.025757250702815,2.020705106117107,2.3012801333411304,1.9978409861690316
2024-06-17,2.0429080622544777,2.0389744350919727,2.326189013204487,2.0137415638352505
2024-06-18,2.052222579287003,2.0481300915940657,2.337652762545438,2.0188583483728273
2024-06-19,2.052222579287003,2.0481300915940657,2.337652762545438,2.0188583483728273
2024-06-20,2.050459347362038,2.0442333270938695,2.33509427292374,2.0133735971846733
2024-06-21,2.039872694709369,2.0301888161452397,2.3186738412399985,2.0106747148344732
2024-06-24,2.0425671055479127,2.0274038026298618,2.3190130364101833,2.004138301611837
2024-06-25,2.036167872655297,2.025220630750347,2.315122542218462,2.0118561662316368
2024-06-26,2.0333886960073317,2.0211667871212136,2.310435700436096,2.014367498350304
2024-06-27,2.041447644502982,2.0300953317981056,2.322350690090095,2.017542505153315
2024-06-28,2.0403392938225466,2.027538221170454,2.3204306218774047,2.0096037224693792
2024-07-01,2.0520360973625933,2.0441118680802366,2.340865948960626,2.0137392626054162
2024-07-02,2.0655261326740995,2.0583540910073412,2.3579379005639294,2.027291665348252
2024-07-03,2.08302511019792,2.0777907771977557,2.3821223149826327,2.0363382600746385
2024-07-04,2.08302511019792,2.0777907771977557,2.3821223149826327,2.0363382600746385
2024-07-05,2.088392110604258,2.0820516525964647,2.387793825350181,2.0480809756754237
2024-07-08,2.085097229005788,2.078681042699133,2.384942349618704,2.050444108592733
2024-07-09,2.08065959956007,2.073914485350961,2.3776433828750227,2.0524381242445475
2024-07-10,2.1008753465943424,2.0974147354440342,2.4076801635935503,2.0727478582741563
2024-07-11,2.0825041242234112,2.077428525473837,2.387913110987842,2.054875356762536
2024-07-12,2.091713054767513,2.0900758002529245,2.405959038011068,2.06783634343784
2024-07-15,2.107443426707731,2.1126131037362805,2.433543370856686,2.0735233727284688
2024-07-16,2.115696219637001,2.123304838970258,2.449554860484043,2.0858193039815287
2024-07-17,2.074951274403905,2.075349273377446,2.3926254935389015,2.0565738945035683
2024-07-18,2.058422858968227,2.053677823843626,2.361833133048711,2.0407692781214584
2024-07-19,2.047902397442114,2.0444489378403725,2.348366261911235,2.027217565747573
2024-07-22,2.07808245525599,2.0798424911869464,2.3922005260761963,2.04811779535278
2024-07-23,2.0665907388799964,2.0641261205352275,2.3718496655362444,2.044905278503463
2024-07-24,2.006999808671919,1.9947918202318005,2.2849908133512784,1.9985624217222278
2024-07-25,1.985093888657123,1.968338407479499,2.255659120433278,1.988149356719964
2024-07-26,2.0164372858100257,2.0069404660130923,2.3027459530987127,2.0104158264780643
2024-07-29,2.0131096831843585,2.001146082330701,2.294541322907699,2.0115979682441774
2024-07-30,2.0039859068982304,1.9893612740362423,2.2781409071425993,2.0014060514290333
2024-07-31,2.0365944289991815,2.026485545171459,2.327797776587937,2.0339380773569897
2024-08-01,1.9763153062024017,1.9599081322736487,2.242453528604747,2.0051356546222197
2024-08-02,1.8941616852507297,1.8711661119279908,2.1287190112287884,1.9678030331359817
2024-08-05,1.8012984171220445,1.7657161500026357,2.001348838549696,1.910493320392749
2024-08-06,1.831549407457506,1.784349638407707,2.0162443731603403,1.9281073937939264
2024-08-07,1.8079744556670736,1.7662769896864285,2.0057258103400044,1.9152199314118428
2024-08-08,1.8631089443604913,1.8032154537969625,2.038568847327392,1.9594946729405842
2024-08-09,1.8814306204295907,1.8170033476807808,2.0581937493330638,1.9681353307241203
2024-08-12,1.8807304158420348,1.8162223231019397,2.0582365976925057,1.9691695034118588
2024-08-13,1.9124487891871265,1.8429537619428988,2.093813100058568,2.0015535602614403
2024-08-14,1.9192842921844626,1.8480472115253421,2.1023895738575495,2.007867904805023
2024-08-15,1.9529987346163888,1.8790889671243005,2.145673582994474,2.0422837174757094
2024-08-16,1.9640378425930431,1.8903439734741347,2.155553232368981,2.0468624744779205
2024-08-19,1.988723553231223,1.9139507806039249,2.1843001915513183,2.0664332836075894
2024-08-20,1.9758973806414224,1.9027895438726232,2.167929290578513,2.063073027802881
2024-08-21,1.9945004652496672,1.921648012415565,2.1869576861654485,2.0701626566777924
2024-08-22,1.9716306572164766,1.901076105413992,2.161462285825566,2.053915053552492
2024-08-23,2.019670491075674,1.9462828420137206,2.218476077924203,2.0757385365674024
2024-08-26,2.007743848453061,1.9345468492716251,2.20808542600603,2.070790662299697
2024-08-27,2.0066726173428417,1.9322224475060372,2.2059973904092387,2.073633831760536
2024-08-28,1.9848057704892161,1.913341017529873,2.1812082853518047,2.061595638248969
2024-08-29,1.991975099643141,1.919625367906976,2.193050323889652,2.061780657127683
2024-08-30,2.0065682546455736,1.931597910167715,2.2098167256508883,2.081462155412404
2024-09-02,2.0065682546455736,1.931597910167715,2.2098167256508883,2.081462155412404
2024-09-03,1.9564325765820705,1.8732070224931028,2.1361692679240702,2.038627523514252
2024-09-04,1.9556110528478545,1.871415457559397,2.1327847825725534,2.034454933577875
2024-09-05,1.9466481055960647,1.8623280459970026,2.1204229198655464,2.02950705931017
2024-09-06,1.9122872726096445,1.8245776527041118,2.072220054229829,1.9953499048729098
2024-09-09,1.9377037602121068,1.8538764529573124,2.1062002908947766,2.0176900139857223
2024-09-10,1.934399489233968,1.851600492333525,2.100169711059402,2.0264788709706165
2024-09-11,1.940196834416513,1.8588306898505358,2.111475928639326,2.047268411420772
2024-09-12,1.9691153220801656,1.887986824196801,2.150756187499402,2.064513137433471
2024-09-13,1.9977153417609887,1.9179558769396083,2.1882792751278957,2.0752957799471967
2024-09-16,2.008734307035829,1.9273486519697451,2.2013901634303457,2.0783607879641064
2024-09-17,2.0150181681292483,1.935129307279864,2.2123333384409425,2.0792097116501473
2024-09-18,2.0117933165152198,1.9313274940245535,2.207071864197795,2.073043106061956
2024-09-19,2.0483571454282483,1.9714029802122504,2.2594573077575406,2.1084183014507514
2024-09-20,2.0370618063107306,1.9593632586241574,2.2429193076307574,2.1047738437614507
2024-09-23,2.0448080664830846,1.968029151630552,2.254213521896773,2.110033304548782
2024-09-24,2.057936736599035,1.9816818119811084,2.275138770247569,2.11607058102026
2024-09-25,2.0434826010127662,1.9666209837254431,2.2523669977541876,2.111403686915378
2024-09-26,2.0663648531926597,1.9905560439083938,2.2831346191463995,2.1197746405622806
2024-09-27,2.065012699870633,1.9887664193755379,2.2842232357313446,2.116700427626032
2024-09-30,2.0585108906823155,1.9821079221412445,2.2749008553471755,2.1251823005509705
2024-10-01,2.0488822908538804,1.9703395966760027,2.264507916879053,2.1061439960050636
2024-10-02,2.0493352626105774,1.9709603099583812,2.2671883393187957,2.107032961090229
2024-10-03,2.0398710501835957,1.9598823394096658,2.256997142825434,2.1031809324698334
2024-10-04,2.0567986529084843,1.976828390793417,2.281282790395309,2.122293106493436
2024-10-07,2.035133159177791,1.9532911737555279,2.257405218421359,2.103106832869154
2024-10-08,2.037311224159031,1.9568065060341986,2.255765152163273,2.122997052699887
2024-10-09,2.03995481130088,1.960077281583129,2.258962746997096,2.137702141466951
2024-10-10,2.040938261606174,1.9598716060250851,2.2618174119722823,2.1339610321245908
2024-10-11,2.0721053681821577,1.9902984135880037,2.2990331370456483,2.1467395312739987
2024-10-14,2.0867764301692624,2.005115029121241,2.315388216208668,2.1642963040522907
2024-10-15,2.0846023359346346,2.0013233628124945,2.3071393761324837,2.1474805272807895
2024-10-16,2.10491110711293,2.021788145783897,2.333015676394462,2.1568143154905535
2024-10-17,2.0979385316584596,2.015488842496451,2.3254920908384116,2.156999794615235
2024-10-18,2.130828129208867,2.0458312027750853,2.36119351592841,2.165296418538475
2024-10-21,2.116116532772602,2.0315615358610715,2.343213020609945,2.1617405581978124
2024-10-22,2.1095552773596458,2.0253927842824346,2.3359644805719344,2.1605924746332534
2024-10-23,2.0881291960662343,2.0044547675790274,2.3097948815811553,2.1408499937579117
2024-10-24,2.0989270461144756,2.014433816095425,2.322070610379984,2.145480068185438
2024-10-25,2.0853790050945147,1.9994838823413932,2.3078267926971114,2.144739072178647
2024-10-28,2.1117192899423998,2.0261705868512467,2.338356988132695,2.151369605701525
2024-10-29,2.10955755795178,2.0223598206553612,2.3310080907199167,2.1548513664415085
2024-10-30,2.0928294863610066,2.0054772114371384,2.3133035863637783,2.148332442565616
2024-10-31,2.063849443845266,1.9764403085432878,2.278944398812375,2.106218095605742
2024-11-01,2.0653045390675704,1.9774013692391748,2.2790495153698194,2.1151077464573986
2024-11-04,2.061128978580237,1.9750157869762057,2.2789984633582447,2.1105520017535353
2024-11-05,2.0960177973778413,2.0085503316616276,2.320277032742478,2.136072180374995
2024-11-06,2.1550634414595673,2.0672178837151747,2.3990096017257048,2.1891870963139457
2024-11-07,2.1673350572815373,2.079813885192082,2.415977338568331,2.2061137923634817
2024-11-08,2.172725627900431,2.0834603741412083,2.419773213527806,2.21567033962125
2024-11-11,2.1885294528716996,2.096443121439143,2.437280295541053,2.2177814878716537
2024-11-12,2.169230516358817,2.077173961433566,2.4099859363185376,2.210892065992366
2024-11-13,2.1522370004519358,2.0605037088155242,2.385460578546559,2.2119662800792295
2024-11-14,2.1455491861779037,2.053696518843988,2.3758181106449237,2.197742838716579
2024-11-15,2.1337946603354907,2.040325971033949,2.359900045785456,2.1695928146399623
2024-11-18,2.1539906155255424,2.061080119784323,2.3883648640165087,2.1784824654916184
2024-11-19,2.166466216523479,2.071235030469239,2.4033987936748864,2.1864461014577694
2024-11-20,2.1699911066735793,2.073136037106828,2.4058295161326897,2.1871866372185935
2024-11-21,2.1873956209999537,2.0888775757728295,2.426426325177026,2.1989284323274445
2024-11-22,2.2144076989380896,2.1154948210939373,2.461384222653187,2.205743754606053
2024-11-25,2.221284573391436,2.123130755982905,2.468982424310596,2.2132257431677904
2024-11-26,2.2136483883889566,2.1166057936554257,2.457891460229666,2.2247822892749434
2024-11-27,2.221242325974867,2.124087693614047,2.4660833545247804,2.2180406063510465
2024-11-28,2.221242325974867,2.124087693614047,2.4660833545247804,2.2180406063510465
2024-11-29,2.2311997619323063,2.1350551055472433,2.479610254596011,2.231819450109622
2024-12-02,2.229347955390428,2.132109345614992,2.4769643832768855,2.2358196779313753
2024-12-03,2.232535601914206,2.134461899405605,2.4823477696783707,2.236856842217899
2024-12-04,2.2465747934233047,2.1461729579311717,2.497540553033612,2.250746375131526
2024-12-05,2.242517418950636,2.1443496340630253,2.4928313001242666,2.2470427758354723
2024-12-06,2.2600115410139616,2.160817131053209,2.509325435843599,2.2513023522596027
2024-12-09,2.2195013837007864,2.1240011241768175,2.468972171486279,2.2397089864750934
2024-12-10,2.200237134354938,2.104998334854131,2.44426076223075,2.23274569511811
2024-12-11,2.235571032505621,2.136450297177901,2.4849653704220405,2.250006069493686
2024-12-12,2.220362321644172,2.1223935327466155,2.46590661047319,2.2384127037091766
2024-12-13,2.214122566347484,2.114607052407001,2.4553428175065433,2.237968106105102
2024-12-16,2.2314748100846113,2.1303260514039053,2.4718755955519334,2.2475239629939194
2024-12-17,2.214117618249393,2.113248141968283,2.4520347784558014,2.238264504507818
2024-12-18,2.122729804295901,2.023726796729972,2.3424776382112475,2.171556223934973
2024-12-19,2.116093067763964,2.0152166403123366,2.3338703313923825,2.170889097405878
2024-12-20,2.1425698162558615,2.0443300290496578,2.3660122031289683,2.196964102540497
2024-12-23,2.144776030921834,2.047712992727684,2.3684409579958463,2.2101202335057883
2024-12-24,2.172763645232908,2.074485694903908,2.401291729646195,2.234685401745825
2024-12-25,2.172763645232908,2.074485694903908,2.401291729646195,2.234685401745825
2024-12-26,2.1773045046097588,2.0795224721992764,2.407469310613629,2.234834521439117
2024-12-27,2.150903999550641,2.053293772814796,2.375813026577204,2.2113090488384226
2024-12-30,2.125569556605318,2.0298155261524564,2.3465504757625273,2.186074452839456
2024-12-31,2.116846111569987,2.0218372010479895,2.339028376884625,2.1781214025305444
2025-01-01,2.116846111569987,2.0218372010479895,2.339028376884625,2.1781214025305444
2025-01-02,2.1310370040108664,2.0343869699656647,2.357623622347069,2.1727698925498227
2025-01-03,2.162915739787504,2.066513455348376,2.3963284242370078,2.1999370613640163
2025-01-06,2.185553260741179,2.0872027781355125,2.4221853236212736,2.212609934064009
2025-01-07,2.1481105171537753,2.0506062620210344,2.382547950214457,2.1875983272360298
2025-01-08,2.139556796392624,2.042416755527663,2.369688631951668,2.1907945053535203
2025-01-09,2.139556796392624,2.042416755527663,2.369688631951668,2.1907945053535203
2025-01-10,2.114995500557327,2.015955012519003,2.3423551043388136,2.157346359828348
2025-01-13,2.1034124842812862,2.0061713175589175,2.3317463597720094,2.1606916576391306
2025-01-14,2.119370598393672,2.0219188622534134,2.3505398458354394,2.1636643863396663
2025-01-15,2.1650380180004647,2.0679263304283237,2.4069619270789824,2.2030216298345207
2025-01-16,2.163087029347509,2.0653132853248297,2.403355913589147,2.1987850657087376
2025-01-17,2.187156930531951,2.0869361884678304,2.4298792556305737,2.2208607635135365
2025-01-20,2.187156930531951,2.0869361884678304,2.4298792556305737,2.2208607635135365
2025-01-21,2.2225168127427946,2.1228031758530035,2.4720391751673447,2.241188907381823
2025-01-22,2.2270343303253584,2.126871681770759,2.476463271194005,2.2537879106041205
2025-01-23,2.2321273859882487,2.1335489501314306,2.4836015158074107,2.266089364808784
2025-01-24,2.2389878333959152,2.141799508601476,2.493446807921081,2.2594735591568487
2025-01-27,2.2024890359426794,2.1042739337206937,2.4457674126872595,2.227512928596862
2025-01-28,2.2250603838103014,2.126630179141514,2.4725592164773014,2.2466527173784816
2025-01-29,2.234202318881118,2.135132247665846,2.4808270349945385,2.2365809247607116
2025-01-30,2.257675218847007,2.1593755733419866,2.5100250821058903,2.248584829947741
2025-01-31,2.243725589012592,2.145816989259869,2.4924391371169308,2.236617974561051
2025-02-03,2.2334876873271474,2.1359292778707086,2.481275146008831,2.2215663205808727
2025-02-04,2.2542527902375995,2.1589465429287786,2.5087850940712384,2.2364690849907425
2025-02-05,2.2705451833471595,2.176014658010807,2.5276036213511843,2.245537311277576
2025-02-06,2.275436115782566,2.1815989896475436,2.53381410452521,2.253342162385129
2025-02-07,2.2607879487280527,2.166734242593864,2.5168364556435816,2.232716009253241
2025-02-10,2.284417250264894,2.1890270059482044,2.54755718593312,2.247878812634438
2025-02-11,2.272347558172897,2.1783951173823093,2.5358050121013447,2.2495886264016605
2025-02-12,2.2755987885632383,2.1805417055565948,2.5363716541216728,2.242341133160085
2025-02-13,2.3055586265029673,2.2088532472966205,2.5712159411992914,2.2660148049621376
2025-02-14,2.2986329245379413,2.2041670877224924,2.56420560050961,2.2659034254381356
2025-02-17,2.2986329245379413,2.2041670877224924,2.56420560050961,2.2659034254381356
2025-02-18,2.3165610265376992,2.222265435036435,2.590379428823616,2.2725555905214603
2025-02-19,2.314419193011097,2.221283221957565,2.586460231468828,2.277907790871132
2025-02-20,2.3068243409923705,2.214397853968812,2.5780837641170278,2.2684304059196796
2025-02-21,2.2613375664588036,2.171808020137932,2.523629481330424,2.2296312106597527
2025-02-24,2.2458590772713176,2.159299990704769,2.5069790748305723,2.219485548564287
2025-02-25,2.213437662581615,2.13150978295436,2.471132267635798,2.208447469538904
2025-02-26,2.2186754592057367,2.1384617874854954,2.4786097917397822,2.2095624153938425
2025-02-27,2.1827238424903896,2.103661420187782,2.437279052800209,2.1742935368234124
2025-02-28,2.201053593037571,2.1137534689692057,2.445308801557527,2.2082247104908994
2025-03-03,2.1867269050971547,2.0950491828849573,2.4198693199214407,2.1695366646319916
2025-03-04,2.169956806444772,2.0848578566668396,2.4115650345597066,2.143856320414033
2025-03-05,2.1948218950688583,2.1040650783258927,2.4296065766823927,2.166897844380479
2025-03-06,2.158340262572239,2.0801646529080307,2.4087706794788093,2.128432787692559
2025-03-07,2.1665519481826268,2.085933701213614,2.415352559644527,2.1403625932789097
2025-03-10,2.1141125414196313,2.0453496663693507,2.375702044542287,2.083352845844637
2025-03-11,2.1079074305110863,2.0457447736325833,2.3784287839603677,2.066034250354242
2025-03-12,2.122310252507034,2.058336576933527,2.389067439534359,2.076997769532979
2025-03-13,2.1097396025961572,2.0478709313142436,2.377261891944391,2.0493100625301643
2025-03-14,2.149658701262293,2.0777746770795904,2.4053865735151496,2.0916402648485386
2025-03-17,2.1743838125655257,2.0953205353217017,2.4207918664763124,2.107769814883316
2025-03-18,2.1584674128005847,2.08247695467135,2.4092302897774758,2.0849878696422306
2025-03-19,2.179847761324807,2.0970712613560374,2.423131134225997,2.1076954851596534
2025-03-20,2.170959537890081,2.0905255455753196,2.4190559305688137,2.101600447819323
2025-03-21,2.1688669798467535,2.0898131678570717,2.4155270213580926,2.1022938083685343
2025-03-24,2.19083371238597,2.1075637436761494,2.433342286691888,2.1399426188340676
2025-03-25,2.20190020057016,2.1146464424723237,2.4405264589890927,2.145086557883694
2025-03-26,2.1862161270256055,2.101132194796587,2.428194164881862,2.119478242159563
2025-03-27,2.188888766215542,2.1020999642860123,2.4277501238129178,2.113849433983754
2025-03-28,2.156208534957643,2.0758919481396987,2.4035930756397192,2.071280133885549
2025-03-31,2.1591998399067998,2.0766604867753915,2.404749318776589,2.0851841645471354
2025-04-01,2.163768893977227,2.082958742263701,2.4085430407918476,2.0910737020632224
2025-04-02,2.1721942240718106,2.0897749015052995,2.4188991744304773,2.1043069242279775
2025-04-03,2.1261296546204944,2.045239778550653,2.364603901487696,2.000604993323554
2025-04-04,1.985693713792949,1.9608640125931152,2.2899304607631072,1.88348344063776
2025-04-07,1.9403621081665234,1.9331066616237425,2.273108720302715,1.8801285927231635
2025-04-08,1.9260488897171877,1.9130607509909874,2.254754364320153,1.8506806750197449
2025-04-09,2.0636432758996093,2.0123124187789134,2.3499022602510893,2.0450378293419433
2025-04-10,2.0428633490299997,1.9886713098433335,2.3180664368875354,1.9554260985927379
2025-04-11,2.0874143154041036,2.0204519674102968,2.3449300024477875,1.9903164248553504
2025-04-14,2.113581855539242,2.0418641219307125,2.358350069303469,2.009625584152808
2025-04-15,2.12111452007238,2.04606026179284,2.362730747132541,2.003996775976999
2025-04-16,2.1218303443283126,2.0390894192626874,2.3574943107238795,1.9594518700656574
2025-04-17,2.1340831733667143,2.048204049199889,2.367960687977169,1.9622476341919004
2025-04-18,2.1340831733667143,2.048204049199889,2.367960687977169,1.9622476341919004
2025-04-21,2.1122824866429957,2.0317749753357663,2.3529697531202007,1.9155408379122987
2025-04-22,2.146181813131535,2.0584156660192363,2.374344542727399,1.9653789176280507
2025-04-23,2.1496471869671945,2.06695310604552,2.3884867837959036,1.9958331631382074
2025-04-24,2.175587767791871,2.087342991771132,2.4105101495336796,2.037843724632534
2025-04-25,2.1703220171480977,2.088534968474152,2.4120499537804667,2.0525676834842432
2025-04-28,2.1873156749725813,2.094304789526205,2.4163787931041516,2.053350561874027
2025-04-29,2.1916030376876607,2.0985605347470906,2.417541987343909,2.0662850844062315
2025-04-30,2.190774693935069,2.09766477318346,2.4118673986521024,2.0671050125963544
2025-05-01,2.183199199820797,2.095693785914394,2.4131625625106836,2.081754641724401
2025-05-02,2.205270434564843,2.110577174527943,2.4260732243114487,2.1126564764374174
2025-05-05,2.2167868183596493,2.120134448671791,2.433581911214464,2.1005416519723528
2025-05-06,2.2355557124060716,2.1271580087237805,2.4418572087617245,2.082984879194061
2025-05-07,2.2326876780934524,2.129326360275089,2.4389870057085505,2.0917447406830374
2025-05-08,2.2379483339970676,2.1391884888295727,2.4489956837669147,2.1063198099644382
2025-05-09,2.2620508510591373,2.1607635186596457,2.477061435899516,2.1036356554851805
2025-05-12,2.2450967943369116,2.155185176983819,2.4790003062988415,2.173155578670128
2025-05-13,2.2663835948959776,2.175789578106491,2.51087999074949,2.187506738288607
2025-05-14,2.2577859925979764,2.1671680285784336,2.499665258010893,2.1903025024148506
2025-05-15,2.273879396122404,2.183790183604097,2.5159166774910995,2.2010006897936405
2025-05-16,2.281071806829335,2.18978690329262,2.5259282964424163,2.2149417702555665
2025-05-19,2.2986963760071504,2.2064329445380926,2.5466363509951275,2.2173647351485792
2025-05-20,2.319398292167,2.2271786207274684,2.5707912422122434,2.2099096709759087
2025-05-21,2.311681565564081,2.2151321349310558,2.549839226945726,2.172670939666929
2025-05-22,2.310742589238856,2.2142939422455132,2.5470065633042327,2.173528377903358
2025-05-23,2.3177542356590783,2.2162082346545553,2.5523790295084936,2.1586921190357127
2025-05-26,2.3177542356590783,2.2162082346545553,2.5523790295084936,2.1586921190357127
2025-05-27,2.342735001823408,2.249486788753308,2.592290685506318,2.2035730045029283
2025-05-28,2.337742060877492,2.2435990031782955,2.5811502117236236,2.190824421341372
2025-05-29,2.331855936622814,2.2383621396514815,2.576743432952809,2.199472212937396
2025-05-30,2.3234404207669703,2.229612438228134,2.5615004267497365,2.1970124283670267
2025-06-02,2.3539101918336804,2.26293101978995,2.6060509037704107,2.209387982172369
2025-06-03,2.3525521022060545,2.2625927994146173,2.6096844777626136,2.221986985394666
2025-06-04,2.358029541131623,2.26991779520264,2.61547363413391,2.2213907367444814
2025-06-05,2.3630500476382545,2.27341640803049,2.621945132454345,2.2106552694423685
2025-06-06,2.3695535535855683,2.2783331615921827,2.6341437896253166,2.2333562113932706
2025-06-09,2.3812594497452904,2.2898964679809426,2.6518079711684917,2.23536909712973
2025-06-10,2.381245354563102,2.2906035818507586,2.6546843342931115,2.24804312044464
2025-06-11,2.3776741477359087,2.2876432297085834,2.6511645478426478,2.2416316640020306
2025-06-12,2.3804833941289516,2.2913950184705594,2.655401446848513,2.2505404150613155
2025-06-13,2.3534823704805965,2.2607149723611006,2.624314505577515,2.2253789981710943
2025-06-16,2.383937290762363,2.2920696203139244,2.659868184211999,2.2465521536347026
2025-06-17,2.354408993625707,2.2610531717131264,2.6267110410055867,2.227355064230198
2025-06-18,2.35525316182904,2.2612376185179555,2.6276167238892763,2.2270195449202905
2025-06-19,2.35525316182904,2.2612376185179555,2.6276167238892763,2.2270195449202905
2025-06-20,2.3535900913377357,2.258706286247829,2.621310643389819,2.221789309751861
2025-06-23,2.3795990940876184,2.285712298987925,2.6484888969059224,2.243734757948013
2025-06-24,2.4140904676441792,2.3216962865101007,2.6914827624304865,2.26852176474412
2025-06-25,2.4117660368046554,2.32088450520927,2.688871275751893,2.2697929641048384
2025-06-26,2.4372908831361753,2.3464138155460117,2.7268458556555153,2.287551324616655
2025-06-27,2.433571247815317,2.3421723454555115,2.72015410703403,2.29891663852454
2025-06-30,2.4607820743837574,2.370908600202932,2.752716689046485,2.309908232707261
2025-07-01,2.442608025148689,2.3561635331516615,2.738964084986011,2.309160793256933
2025-07-02,2.4659655423059936,2.3760694283400503,2.772017493210759,2.319629087775231
2025-07-03,2.4783400476469466,2.3897392815268796,2.7896940308851286,2.3379109780744542
2025-07-04,2.4783400476469466,2.3897392815268796,2.7896940308851286,2.3379109780744542
2025-07-07,2.466906789617723,2.3774392031682527,2.771926892679485,2.3204883669955283
2025-07-08,2.4677044599932643,2.379022123308655,2.7759940513195502,2.319217627880777
2025-07-09,2.4961503913685448,2.4054439709607056,2.8062311642700792,2.333125110387115
2025-07-10,2.49871855136368,2.4067590479658327,2.808727799330837,2.339705016853628
2025-07-11,2.4988184105265994,2.405952895770473,2.809784021974307,2.3314804214242155
2025-07-14,2.5114268793825376,2.4149459250948135,2.820119558664112,2.3359291589407625
2025-07-15,2.492931389650211,2.398163221540742,2.7948226778871526,2.3259471142865484
2025-07-16,2.5146482697936947,2.416613011852495,2.8195859731066344,2.333723200021167
2025-07-17,2.5304259077492035,2.4315220063449963,2.8434970393580867,2.348004862498637
2025-07-18,2.527796134640002,2.4282349371850063,2.8391604631159595,2.346285153443125
2025-07-21,2.538033757930801,2.4403635890450737,2.8547451194150892,2.3507341210826556
2025-07-22,2.546533385647661,2.451483365104167,2.868234967561679,2.3510705608844966
2025-07-23,2.567886219892397,2.4745861073106186,2.900908696940918,2.371072160239232
2025-07-24,2.5578959465317004,2.465406137545696,2.8871114883748596,2.3718573398588503
2025-07-25,2.5555662065985576,2.4662210482030984,2.883941845565904,2.381876894559371
2025-07-28,2.5347630967590598,2.4487645088785874,2.8627112948771027,2.3812788049253184
2025-07-29,2.532764118693745,2.4456085819320377,2.862308639917866,2.3749978282143394
2025-07-30,2.5202004255870984,2.431531410600978,2.8412266305935088,2.372006919798109
2025-07-31,2.507975383259744,2.419245464065101,2.8186248299626837,2.3631089845190476
2025-08-01,2.4657062484078223,2.3884328625380036,2.7750529927626966,2.324376524924329
2025-08-04,2.518425822698779,2.4379501461468087,2.8316160002397806,2.359706846331347
2025-08-05,2.5091022591198486,2.430550493982685,2.8239855614408738,2.3477432126664253
2025-08-06,2.546068981934506,2.4626945949197476,2.857375684941109,2.36572594308713
2025-08-07,2.5560613962608074,2.4714965213771727,2.8678459873247966,2.3637445841994067
2025-08-08,2.5605601633356194,2.4789009676770064,2.875294811545772,2.3821758243149054
2025-08-11,2.5550699898043927,2.4705334319650847,2.863231564856195,2.377465206843163
2025-08-12,2.587833672578617,2.5008083253436353,2.9042498577729923,2.4027757434266768
2025-08-13,2.605403310651166,2.5184776073231054,2.930154252140418,2.411000799102056
2025-08-14,2.587031308874892,2.499211891875333,2.9044586906779517,2.411224938887961
2025-08-15,2.5862573401321547,2.500367483063496,2.903471765227961,2.4055795618573415
2025-08-18,2.5868970468816492,2.4996686964448624,2.903159086756673,2.405056492315902
2025-08-19,2.545620091850385,2.4660021136709935,2.8600267165506454,2.3920085191528444
2025-08-20,2.550595600183389,2.4703871816962004,2.867670180888792,2.385652752472236
2025-08-21,2.542413880227735,2.463674787185396,2.862163985422104,2.3760821677124757
2025-08-22,2.5968212263537565,2.5123176559606444,2.9309381972320745,2.4125711583412923
2025-08-25,2.573858811473714,2.4917982240327086,2.9049107128526837,2.4019532838837354
2025-08-26,2.5946320231031628,2.5117066131955483,2.9250178088946694,2.4120101185075793
2025-08-27,2.5881763173559023,2.506269112619274,2.9219901227347638,2.4175059155989396
2025-08-28,2.5985606141417787,2.515736843731652,2.9358424329851784,2.426067180953176
2025-08-29,2.5806386981728133,2.500082905665942,2.9171228725835183,2.411598888736108
2025-09-01,2.5806386981728133,2.500082905665942,2.9171228725835183,2.411598888736108
2025-09-02,2.5761110517252646,2.4941798868114455,2.9136724605921756,2.393728458331339
2025-09-03,2.585957037987928,2.5034058061418407,2.9200644105115714,2.4067011812788
2025-09-04,2.580314499554126,2.5027875506685886,2.9201908945045836,2.4268150806494715
2025-09-05,2.5996839425034843,2.5219556936395575,2.9420433951854172,2.419786434365181
2025-09-08,2.628320685204278,2.547856169835984,2.975097101513949,2.425730971274319
2025-09-09,2.640071776777739,2.5569482206600997,2.9855500978472427,2.431338838258632
2025-09-10,2.650485928673665,2.5677333785382372,3.001820747131055,2.4383672544199393
2025-09-11,2.6859031484221254,2.6005923346336903,3.041409905202288,2.458630963852853
2025-09-12,2.692980519216146,2.603379607102187,3.044657283506604,2.457808044063945
2025-09-15,2.7219240490332117,2.6312636635272875,3.079833022037824,2.4708932971503255
2025-09-16,2.7122035981206873,2.621639834388437,3.0708311366651424,2.467491389085608
2025-09-17,2.704563973204212,2.615243704860694,3.060372288923497,2.4644256906997484
2025-09-18,2.7182402977584634,2.625209859445195,3.077765313659859,2.475940354423909
2025-09-19,2.7411629289417414,2.648462491701013,3.1030820306929234,2.488203608213315
2025-09-22,2.7473366938837693,2.6580135136370924,3.1186872548103466,2.499975319310018
2025-09-23,2.7404738593783526,2.65209253881505,3.1133591691684415,2.486366766559214
2025-09-24,2.734056396543469,2.6466534408553626,3.105180972895862,2.4784560588792623
2025-09-25,2.7094330477719244,2.6284243904171998,3.085107472407462,2.4670217080763344
2025-09-26,2.722229056971451,2.639869117067417,3.101724088642503,2.4811556315984125
2025-09-29,2.76910736376283,2.6778052682284366,3.1461852156836536,2.4881285881207016
2025-09-30,2.7763453280897106,2.6864437084540826,3.1555873478830616,2.4975010369916895
2025-10-01,2.8072895371608575,2.7126744202298623,3.1880199761555588,2.5060114451665783
2025-10-02,2.8331843131222225,2.73108562108039,3.2045747389911226,2.5088976476253273
2025-10-03,2.860196057522582,2.7553787580476095,3.23608214414528,2.508860597824988
2025-10-06,2.8954163515750753,2.7836530010033376,3.2738397629942244,2.5178579462329114
2025-10-07,2.8594172721559867,2.7542527140721655,3.2367321301700596,2.50852300740823
2025-10-08,2.894940889396273,2.786746864073233,3.2773408984896033,2.5234814615801002
2025-10-09,2.874413825337369,2.7701357233973565,3.2537153559567655,2.5161709146410525
2025-10-10,2.8001187976296054,2.700290048976804,3.1639113204331224,2.448164280195439
2025-10-13,2.868800086776265,2.7659800545978483,3.2500992552509937,2.4857290957720037
2025-10-14,2.8613642484232793,2.759781072695839,3.245808093498692,2.4826923928820617
2025-10-15,2.874168483322864,2.7738357301862373,3.266862918024686,2.493714593421585
2025-10-16,2.8494860370132207,2.7508453433889093,3.238559429502911,2.476731747364081
2025-10-17,2.8027980503760235,2.7125253938323337,3.1869591727520756,2.4907904206705624
2025-10-20,2.844521469153551,2.7507236698415656,3.2353371279680316,2.51669582516636
2025-10-21,2.785710263750819,2.695895602911482,3.16708300679926,2.51665808499707
2025-10-22,2.7547535825410154,2.671688519134953,3.1450258422003188,2.5035744427715736
2025-10-23,2.794861920404991,2.707993168779151,3.194271750430475,2.518420366804525
2025-10-24,2.81737536160731,2.728554118655834,3.2148819813144116,2.539002336323585
2025-10-27,2.8413930208159974,2.7480350665529434,3.2360980166640485,2.568956754713633
2025-10-28,2.844267519420936,2.753179009648744,3.243458281698858,2.57577990117368
2025-10-29,2.8429013537579992,2.755249021683972,3.2489945841834875,2.577017042332844
2025-10-30,2.809694233485825,2.7290114407864636,3.220543010240616,2.5486746354420413
2025-10-31,2.829527653777345,2.7419473505166057,3.236224180316766,2.557035003431704
2025-11-03,2.833187547711136,2.746789002026808,3.241995048458918,2.561833758006118
2025-11-04,2.762227217117896,2.670475710550976,3.143791363369096,2.531466959229682
2025-11-05,2.8052385431911055,2.7175644389622207,3.2001538686121833,2.5402394774827495
2025-11-06,2.7828446605686987,2.6920786215186703,3.167021016470463,2.5129844016888683
2025-11-07,2.792762613977467,2.703499232970441,3.1832230148518263,2.5154584538842126
2025-11-10,2.8550681876626127,2.770568613383308,3.265906779014726,2.554710761298603
2025-11-11,2.8567019113141563,2.771155323303541,3.2689483121764993,2.5605588766776646
2025-11-12,2.8888592685650787,2.8044387769867094,3.3033882184778967,2.561983568068361
2025-11-13,2.8292759258541014,2.73826784534741,3.2199241410214476,2.519469957732157
2025-11-14,2.803033195237794,2.711962696922396,3.1914360146373313,2.5190578074687524
2025-11-17,2.7644578144987597,2.672755877274568,3.134361248871297,2.495588945121993
2025-11-18,2.7486925073653583,2.655742539454875,3.1181856509987775,2.4746323353858344
2025-11-19,2.7597721700955904,2.6684111009218063,3.1294013717963987,2.484192334488355
2025-11-20,2.696147851789979,2.598119751609766,3.0404313152979876,2.4463274385413385
2025-11-21,2.7077490132030597,2.609747323999189,3.058810863493695,2.470695851630504
2025-11-24,2.7605084871066885,2.6696634949286073,3.131863253293132,2.5070608059712276
2025-11-25,2.7912868631270515,2.69974078238194,3.1717642246171787,2.5306419683339234
2025-11-26,2.8464266923010233,2.7586786903018896,3.242987729552598,2.548112444993412
2025-11-27,2.8464266923010233,2.7586786903018896,3.242987729552598,2.548112444993412
2025-11-28,2.8879492578052512,2.8045691968623854,3.2999560223222755,2.5620210781146677
2025-12-01,2.8827015930102635,2.7968123806999863,3.2910754765327708,2.550324387110578
2025-12-02,2.888353680908772,2.803563603817367,3.297078241006441,2.555048121592378
2025-12-03,2.910195497720345,2.828480303884772,3.334816461335781,2.5638956599380585
2025-12-04,2.91646784351538,2.8361184745648855,3.3474189776241676,2.565770011638466
2025-12-05,2.914230912405095,2.8342718156994247,3.3451134589419973,2.5706437863054923
2025-12-08,2.9049208896745866,2.8221021429400133,3.3298041345898617,2.5629208589800565
2025-12-09,2.923395219588298,2.84504498079706,3.3572992714810583,2.560708686739907
2025-12-10,2.942421507196864,2.8673276617783405,3.389517355800985,2.5776919930433784
2025-12-11,2.9808325543687766,2.910730652235513,3.440717113493407,2.5836901486076655
2025-12-12,2.948428534162293,2.8740410524714988,3.3900316370374193,2.5559101622884772
2025-12-15,2.954392470669995,2.875201796978955,3.3886311307235206,2.5520486986257596
2025-12-16,2.9466877625369103,2.8664784814598154,3.3713751056153263,2.5450757421034704
2025-12-17,2.9389050092010653,2.854404277413678,3.358029870978039,2.517070695506443
2025-12-18,2.958032488231807,2.87919109744624,3.385885824380186,2.5360779334495804
2025-12-19,3.0013325767374464,2.931888811687878,3.4507010051421165,2.5590635375310415
2025-12-22,3.0496318506983635,2.988241323975329,3.5235826955619816,2.575006227703237
2025-12-23,3.0796926141116123,3.022431825946557,3.564513321997104,2.586775177324138
2025-12-24,3.0837230714331123,3.027244587500635,3.5706052449990606,2.5958744702137406
2025-12-25,3.0837230714331123,3.027244587500635,3.5706052449990606,2.5958744702137406
2025-12-26,3.1082727692659162,3.0566068203248777,3.603317594693792,2.5956112095206447
2025-12-29,3.0575084779877644,2.9971096191439366,3.5304294462475103,2.5863614161998494
2025-12-30,3.069787999157836,3.0106958285141454,3.5438248434834776,2.5832032083746324
2025-12-31,3.0351792979713372,2.969481947051137,3.489657381382254,2.5640643400849465
2026-01-01,3.0351792979713372,2.969481947051137,3.489657381382254,2.5640643400849465
2026-01-02,3.095215780786552,3.0325271238249285,3.5698217918755843,2.5687643718994493
2026-01-05,3.163373156436935,3.10971540064454,3.674257065924471,2.5858726349829477
2026-01-06,3.2239057683219885,3.1820282352864178,3.7622933607707445,2.601251293722645
2026-01-07,3.2009606085082196,3.1508843830550886,3.7231619480523195,2.5928665326967337
2026-01-08,3.2025964957313198,3.1514570837995266,3.7293037411398577,2.592603272003638
2026-01-09,3.2298280125244663,3.185406927944423,3.7702983792155993,2.6097490451334426
2026-01-12,3.2908189373587873,3.254616062813867,3.8551507716477196,2.6138475354691404
2026-01-13,3.281567925950244,3.246725468445121,3.849333435039952,2.6086212123914296
2026-01-14,3.3207773581669477,3.289566920574956,3.905360429282005,2.595799219998145
2026-01-15,3.320117280220964,3.290817087249455,3.9043761409380195,2.6028681378045437
2026-01-16,3.322677116428098,3.2916427699304993,3.9050239670494578,2.600687262290147
2026-01-19,3.322677116428098,3.2916427699304993,3.9050239670494578,2.600687262290147
2026-01-20,3.3312559355513907,3.304696263443289,3.9201604632587257,2.547745628957754
2026-01-21,3.3650378094010045,3.3422747086819746,3.977434299841021,2.577149363048345
2026-01-22,3.4304734251330165,3.415884600029813,4.065564441838751,2.5906104069667415
2026-01-23,3.46456788831824,3.4607719969380253,4.11850660456263,2.591550229231255
2026-01-26,3.4781798819817467,3.4743044502622653,4.13722038417981,2.6047105024102484
2026-01-27,3.5395130675382354,3.5370988995180044,4.2218056548696135,2.6150883585960405
2026-01-28,3.567878991185722,3.5739356381865073,4.265574846834074,2.6148250979029446
2026-01-29,3.542782869579262,3.5418352204573957,4.231804240691732,2.60963628487154
2026-01-30,3.356153635031437,3.3121885590412883,3.944592577823593,2.6018528352014503
2026-02-02,3.3468037062183607,3.3063169468686864,3.9315021640867376,2.614787587856638
2026-02-03,3.424233062592821,3.3803574483129935,4.029609284166672,2.592678522219235
2026-02-04,3.367297567808845,3.323540551743567,3.9614635425115328,2.580119790519046
2026-02-05,3.2287320892748266,3.1824324745605272,3.7819627131565943,2.547896129388947
2026-02-06,3.340944031547826,3.297882222991862,3.9391267115583397,2.596776782431949
2026-02-09,3.41723000055334,3.3782224287601457,4.040137445380302,2.6092980040858316
2026-02-10,3.3858675395336975,3.3467076223538528,4.001395421050058,2.602416866633949
2026-02-11,3.418997065941005,3.3822104444316112,4.0463653638484915,2.6018155552781272
2026-02-12,3.3110058737093846,3.27052464367411,3.9019880997368563,2.5616204340004387
2026-02-13,3.3515139523807096,3.3126926320763417,3.9629183040557145,2.563425058436853
2026-02-16,3.3515139523807096,3.3126926320763417,3.9629183040557145,2.563425058436853
2026-02-17,3.3208421839733955,3.280904448289555,3.9192139106786597,2.5675610588188573
2026-02-18,3.376870976250056,3.335826887863827,3.992012026704771,2.5804958114740453
2026-02-19,3.3833890578070354,3.3423802914512675,4.003903719626894,2.573689924237759
2026-02-20,3.433405963136766,3.3951039375828276,4.069275417060974,2.592302501264237
2026-02-23,3.4479675686958053,3.408800330393232,4.075783770471679,2.5658316845980402
2026-02-24,3.473603953934695,3.4370879570827895,4.114827150580746,2.5844813114248573
2026-02-25,3.5082767617848365,3.474377892368756,4.166198955376567,2.6062900665688247
2026-02-26,3.5098019905466105,3.4737734698910527,4.165776646372174,2.5918134899243515
2026-02-27,3.497245456586137,3.460863681446318,4.146655939939903,2.579367748609049
2026-03-02,3.490930733892104,3.4520731143682006,4.145400705967854,2.5808343223827377
2026-03-03,3.2904538804088723,3.2583012634652992,3.904144494561651,2.5580859750972396
2026-03-04,3.339484632590013,3.306389297936504,3.9701602109956866,2.5761340604452516
2026-03-05,3.227069930994257,3.1977598067285187,3.8398306338323973,2.5617707043086484
2026-03-06,3.178872475180815,3.1439807259818306,3.7852231988286125,2.528193229666763
2026-03-09,3.25130491468732,3.1949536288636113,3.8276330857810614,2.55034026559644
2026-03-10,3.2722397709883047,3.2093173844922727,3.8535896538333207,2.5462415451377587
2026-03-11,3.2659462712724103,3.2066482323538072,3.8544665310471755,2.5430455971432515
2026-03-12,3.179352521531191,3.1531078592981236,3.809540521095238,2.5044295797781713
2026-03-13,3.111173794724953,3.1086575192687027,3.766707838308324,2.4902542341190674
2026-03-16,3.1810912630894967,3.1580118199098672,3.811084972542482,2.515597218043251
2026-03-17,3.192986208411475,3.166346621410394,3.824835190442236,2.5222146345560708
2026-03-18,3.0914583603276227,3.097857819605523,3.7649083700353225,2.4870205459552706
2026-03-19,3.0513570773410224,3.0746967201496402,3.741211629246825,2.480891680536369
2026-03-20,2.9453901156790434,3.003535259753387,3.670243860494998,2.4453261734402396
2026-03-23,3.0284361584528217,3.056483970876269,3.7141305346962277,2.471002145321512
2026-03-24,3.0223200473752945,3.050452076888969,3.71344513437434,2.46270736238214
2026-03-25,3.080053287518896,3.0898446489376545,3.751000866786805,2.4764314368706484
2026-03-26,2.966055397177758,3.010942396270127,3.676287892834037,2.4322054814144036
2026-03-27,2.9733651519534274,3.0088726125788745,3.6736563501742117,2.3907317968405253
2026-03-30,2.9350250658728907,2.9832482350928946,3.6482707298853425,2.3827384750095058
2026-03-31,3.0839886622197943,3.0852979435222037,3.7525592453624568,2.451999739961028
2026-04-01,3.0984412555034586,3.1017121898115434,3.774810228315574,2.47047424319742
2026-04-02,3.138491258916503,3.1157275422048842,3.7829330958319844,2.472698842078677
2026-04-03,3.138491258916503,3.1157275422048842,3.7829330958319844,2.472698842078677
2026-04-06,3.150133805828368,3.124437328536638,3.7913252568957083,2.4843867884093944
2026-04-07,3.1459506286737593,3.1196559420484062,3.7864236872632597,2.485480102703886
2026-04-08,3.2044618006190024,3.1776251847744854,3.853507837063578,2.5487841739821793
2026-04-09,3.2143827147228285,3.1901760492607005,3.8655607465755333,2.5634883422573096
2026-04-10,3.213381184212868,3.185681695559935,3.860129998684884,2.5617918756231286
2026-04-13,3.2702685726453056,3.240243102820398,3.9334855546853498,2.5868267248724384
2026-04-14,3.2932484773888824,3.2555120278116325,3.9592105044872246,2.618346900042053
2026-04-15,3.2794007807258727,3.2448266247818873,3.9475797901480867,2.6390082619904125
2026-04-16,3.3170021671675265,3.2804920061494647,3.995908420732745,2.6454931276647504
2026-04-17,3.314210179922224,3.27241580028028,3.9965389581536237,2.677465724619878
2026-04-20,3.323868236167577,3.2819338367713513,4.009210011426557,2.6721116832863387
2026-04-21,3.296078979917904,3.2657154987958443,3.9716342231615616,2.654617503959552
2026-04-22,3.3780658395279834,3.335662590473828,4.065946222241261,2.681500010643186
2026-04-23,3.3551059843449873,3.3220778771735313,4.039025679068965,2.6710938493304264
2026-04-24,3.379579733576832,3.3475748700958956,4.073545676173434,2.691792951448076
2026-04-27,3.384540127382565,3.3551919017260214,4.079794098952026,2.696430389811073
2026-04-28,3.350212287690476,3.3324329966256196,4.03789650860253,2.683309697785237
2026-04-29,3.4011978286148716,3.3827031585426908,4.092751343220877,2.6828950161690144
2026-04-30,3.4775903803055566,3.4486230885575067,4.18574597410067,2.709588822006199
2026-05-01,3.4757312914424188,3.444365420620769,4.186426642378681,2.717091981882416
2026-05-04,3.461749554012377,3.4334191906948983,4.176377647108515,2.7071382423551693
2026-05-05,3.509209715492673,3.474945384227345,4.237229810579863,2.7288554085517136
2026-05-06,3.6262747210102315,3.578680800923547,4.361998931645639,2.766784969057087
2026-05-07,3.560053454284872,3.5189942174269895,4.286283196848702,2.758301715394248
2026-05-08,3.6437098110156207,3.595718032157052,4.38242202255244,2.7810744557159945
2026-05-11,3.7467778099332754,3.687653795786322,4.491863203969584,2.787408590836156
2026-05-12,3.7149129462381834,3.665915551690696,4.455960574396225,2.7831858340893816
2026-05-13,3.743795881208608,3.689364483008304,4.487101093501969,2.7987573358892313
2026-05-14,3.7230980665723696,3.6741308543041216,4.470601385692781,2.8208514435327086
2026-05-15,3.589390193861767,3.5553293667472556,4.3220645324927105,2.7869184288813535
2026-05-18,3.568335275697031,3.5395534677322247,4.302255633408253,2.784958011185126
2026-05-19,3.512182239195874,3.489201013523679,4.242901164339973,2.7664077974871706
2026-05-20,3.5739128930923787,3.5451886706399685,4.312292412737801,2.794760790035213
2026-05-21,3.6122855183069404,3.578302601709846,4.353531854809239,2.800303071969236
2026-05-22,3.6317261517854296,3.5959679704544993,4.375132145666661,2.811312615744668
2026-05-25,3.6317261517854296,3.5959679704544993,4.375132145666661,2.811312615744668
2026-05-26,3.735062071125938,3.689673265946783,4.4887758654777965,2.82997581982751
2026-05-27,3.6860284266865273,3.6461273169807087,4.430486151365692,2.8294856578727074
2026-05-28,3.742842106838342,3.6989045865449985,4.49625376587509,2.8450946697188635
2026-05-29,3.7159930199940088,3.675221975578738,4.471494800721315,2.852182917855874
