date,lb252_k8_ew_ma1_vt0,lb252_k8_ew_ma1_vt20,lb252_k8_ew_ma0_vt0,lb252_k8_ew_ma0_vt20,lb252_k8_invvol_ma1_vt0,lb252_k8_invvol_ma1_vt20,lb252_k8_invvol_ma0_vt0,lb252_k8_invvol_ma0_vt20,lb252_k10_ew_ma1_vt0,lb252_k10_ew_ma1_vt20,lb252_k10_ew_ma0_vt0,lb252_k10_ew_ma0_vt20,lb252_k10_invvol_ma1_vt0,lb252_k10_invvol_ma1_vt20,lb252_k10_invvol_ma0_vt0,lb252_k10_invvol_ma0_vt20,lb252_k12_ew_ma1_vt0,lb252_k12_ew_ma1_vt20,lb252_k12_ew_ma0_vt0,lb252_k12_ew_ma0_vt20,lb252_k12_invvol_ma1_vt0,lb252_k12_invvol_ma1_vt20,lb252_k12_invvol_ma0_vt0,lb252_k12_invvol_ma0_vt20,lb252_k15_ew_ma1_vt0,lb252_k15_ew_ma1_vt20,lb252_k15_ew_ma0_vt0,lb252_k15_ew_ma0_vt20,lb252_k15_invvol_ma1_vt0,lb252_k15_invvol_ma1_vt20,lb252_k15_invvol_ma0_vt0,lb252_k15_invvol_ma0_vt20,lb252_k20_ew_ma1_vt0,lb252_k20_ew_ma1_vt20,lb252_k20_ew_ma0_vt0,lb252_k20_ew_ma0_vt20,lb252_k20_invvol_ma1_vt0,lb252_k20_invvol_ma1_vt20,lb252_k20_invvol_ma0_vt0,lb252_k20_invvol_ma0_vt20,lb252_k25_ew_ma1_vt0,lb252_k25_ew_ma1_vt20,lb252_k25_ew_ma0_vt0,lb252_k25_ew_ma0_vt20,lb252_k25_invvol_ma1_vt0,lb252_k25_invvol_ma1_vt20,lb252_k25_invvol_ma0_vt0,lb252_k25_invvol_ma0_vt20
2017-07-31,0.040385727803225344,0.040385727803225344,0.040385727803225344,0.040385727803225344,0.03665939943679506,0.03665939943679506,0.03665939943679506,0.03665939943679506,0.028105927998612716,0.028105927998612716,0.028105927998612716,0.028105927998612716,0.022220674116636713,0.022220674116636713,0.022220674116636713,0.022220674116636713,0.025738602429750124,0.025738602429750124,0.025738602429750124,0.025738602429750124,0.020661601578130902,0.020661601578130902,0.020661601578130902,0.020661601578130902,0.028279239082431285,0.028279239082431285,0.028279239082431285,0.028279239082431285,0.024437395047878667,0.024437395047878667,0.024437395047878667,0.024437395047878667,0.029874891740570578,0.029874891740570578,0.029874891740570578,0.029874891740570578,0.025893785304110708,0.025893785304110708,0.025893785304110708,0.025893785304110708,0.03255784645853347,0.03255784645853347,0.03255784645853347,0.03255784645853347,0.030687169071035816,0.030687169071035816,0.030687169071035816,0.030687169071035816
2017-08-31,0.04652715190657139,0.04652715190657139,0.04652715190657139,0.04652715190657139,0.04136766095027807,0.04136766095027807,0.04136766095027807,0.04136766095027807,0.04418853302215006,0.04418853302215006,0.04418853302215006,0.04418853302215006,0.03952010461122854,0.03952010461122854,0.03952010461122854,0.03952010461122854,0.02994602734693218,0.02994602734693218,0.02994602734693218,0.02994602734693218,0.02517931979716775,0.02517931979716775,0.02517931979716775,0.02517931979716775,0.022292708284618507,0.022292708284618507,0.022292708284618507,0.022292708284618507,0.01754748609096657,0.01754748609096657,0.01754748609096657,0.01754748609096657,0.022796982626683573,0.022796982626683573,0.022796982626683573,0.022796982626683573,0.018818576229684858,0.018818576229684858,0.018818576229684858,0.018818576229684858,0.02135800863910762,0.02135800863910762,0.02135800863910762,0.02135800863910762,0.015859566276787182,0.015859566276787182,0.015859566276787182,0.015859566276787182
2017-09-29,-0.0258188762258085,-0.0258188762258085,-0.0258188762258085,-0.0258188762258085,-0.023380211692801876,-0.023380211692801876,-0.023380211692801876,-0.023380211692801876,-0.019765539254229806,-0.019765539254229806,-0.019765539254229806,-0.019765539254229806,-0.018605691239426018,-0.018605691239426018,-0.018605691239426018,-0.018605691239426018,-0.007648194587380781,-0.007648194587380781,-0.007648194587380781,-0.007648194587380781,-0.0031955932790211088,-0.0031955932790211088,-0.0031955932790211088,-0.0031955932790211088,0.0018062548469315724,0.0018062548469315724,0.0018062548469315724,0.0018062548469315724,0.009938145595155923,0.009938145595155923,0.009938145595155923,0.009938145595155923,0.010143165820484096,0.010143165820484096,0.010143165820484096,0.010143165820484096,0.016816728617401345,0.016816728617401345,0.016816728617401345,0.016816728617401345,0.013148322455793698,0.013148322455793698,0.013148322455793698,0.013148322455793698,0.01912328666770361,0.01912328666770361,0.01912328666770361,0.01912328666770361
2017-10-31,0.03253095605858679,0.03253095605858679,0.03253095605858679,0.03253095605858679,0.02158750965233023,0.02158750965233023,0.02158750965233023,0.02158750965233023,0.03938851642991351,0.03938851642991351,0.03938851642991351,0.03938851642991351,0.030103296195546324,0.030103296195546324,0.030103296195546324,0.030103296195546324,0.041049243156374156,0.041049243156374156,0.041049243156374156,0.041049243156374156,0.0349028653907537,0.0349028653907537,0.0349028653907537,0.0349028653907537,0.02963672826738689,0.02963672826738689,0.02963672826738689,0.02963672826738689,0.026454775223422086,0.026454775223422086,0.026454775223422086,0.026454775223422086,0.030068500328881684,0.030068500328881684,0.030068500328881684,0.030068500328881684,0.027536236227136048,0.027536236227136048,0.027536236227136048,0.027536236227136048,0.026682218455421673,0.026682218455421673,0.026682218455421673,0.026682218455421673,0.024710512691733157,0.024710512691733157,0.024710512691733157,0.024710512691733157
2017-11-30,0.024858127910510744,0.024858127910510744,0.024858127910510744,0.024858127910510744,0.02344879138538637,0.02344879138538637,0.02344879138538637,0.02344879138538637,0.02388437785577972,0.02388437785577972,0.02388437785577972,0.02388437785577972,0.02270609418616089,0.02270609418616089,0.02270609418616089,0.02270609418616089,0.023668486279850215,0.023668486279850215,0.023668486279850215,0.023668486279850215,0.022261778631279937,0.022261778631279937,0.022261778631279937,0.022261778631279937,0.01760041398998316,0.01760041398998316,0.01760041398998316,0.01760041398998316,0.015617867960779639,0.015617867960779639,0.015617867960779639,0.015617867960779639,0.0052670398693218734,0.0052670398693218734,0.0052670398693218734,0.0052670398693218734,0.0010651577774956342,0.0010651577774956342,0.0010651577774956342,0.0010651577774956342,0.005623144906016577,0.005623144906016577,0.005623144906016577,0.005623144906016577,0.0024439653744023574,0.0024439653744023574,0.0024439653744023574,0.0024439653744023574
2017-12-29,0.014542454954269673,0.014542454954269673,0.014542454954269673,0.014542454954269673,0.01605992839571274,0.01605992839571274,0.01605992839571274,0.01605992839571274,0.0068466684138782435,0.0068466684138782435,0.0068466684138782435,0.0068466684138782435,0.00899148076543247,0.00899148076543247,0.00899148076543247,0.00899148076543247,0.019013082908086544,0.019013082908086544,0.019013082908086544,0.019013082908086544,0.021131316658309203,0.021131316658309203,0.021131316658309203,0.021131316658309203,0.020162965237947972,0.020162965237947972,0.020162965237947972,0.020162965237947972,0.020783374025609775,0.020783374025609775,0.020783374025609775,0.020783374025609775,0.019009576667412934,0.019009576667412934,0.019009576667412934,0.019009576667412934,0.018454283989713396,0.018454283989713396,0.018454283989713396,0.018454283989713396,0.018673659292993413,0.018673659292993413,0.018673659292993413,0.018673659292993413,0.017544046522421954,0.017544046522421954,0.017544046522421954,0.017544046522421954
2018-01-31,0.075685320006454,0.075685320006454,0.075685320006454,0.075685320006454,0.0613985242396377,0.0613985242396377,0.0613985242396377,0.0613985242396377,0.08131941050530282,0.08131941050530282,0.08131941050530282,0.08131941050530282,0.07000118468521946,0.07000118468521946,0.07000118468521946,0.07000118468521946,0.07159554048047304,0.07159554048047304,0.07159554048047304,0.07159554048047304,0.06312457063952907,0.06312457063952907,0.06312457063952907,0.06312457063952907,0.07083371408054372,0.07083371408054372,0.07083371408054372,0.07083371408054372,0.06361629825954856,0.06361629825954856,0.06361629825954856,0.06361629825954856,0.07486387228334675,0.07486387228334675,0.07486387228334675,0.07486387228334675,0.0694305793622294,0.0694305793622294,0.0694305793622294,0.0694305793622294,0.07659633206663265,0.07659633206663265,0.07659633206663265,0.07659633206663265,0.07204915323712112,0.07204915323712112,0.07204915323712112,0.07204915323712112
2018-02-28,-0.063032737195845,-0.063032737195845,-0.063032737195845,-0.063032737195845,-0.06286242982666841,-0.06286242982666841,-0.06286242982666841,-0.06286242982666841,-0.06292563517878014,-0.06292563517878014,-0.06292563517878014,-0.06292563517878014,-0.06475459094274025,-0.06475459094274025,-0.06475459094274025,-0.06475459094274025,-0.06508120898696884,-0.06508120898696884,-0.06508120898696884,-0.06508120898696884,-0.0663812610887708,-0.0663812610887708,-0.0663812610887708,-0.0663812610887708,-0.05721056785827384,-0.05721056785827384,-0.05721056785827384,-0.05721056785827384,-0.05836133321358522,-0.05836133321358522,-0.05836133321358522,-0.05836133321358522,-0.052852127065212806,-0.052852127065212806,-0.052852127065212806,-0.052852127065212806,-0.05124226855885371,-0.05124226855885371,-0.05124226855885371,-0.05124226855885371,-0.048693070657458634,-0.048693070657458634,-0.048693070657458634,-0.048693070657458634,-0.04694500889987235,-0.04694500889987235,-0.04694500889987235,-0.04694500889987235
2018-03-30,-0.023280065344233228,-0.020090281426239708,-0.023280065344233228,-0.020090281426239708,-0.015814303831574724,-0.015403348224686293,-0.015814303831574724,-0.015403348224686293,-0.023479157895152987,-0.021671865077785332,-0.023479157895152987,-0.021671865077785332,-0.017520865729413568,-0.017520865729413568,-0.017520865729413568,-0.017520865729413568,-0.029368370632005134,-0.028271982616468596,-0.029368370632005134,-0.028271982616468596,-0.024457638709881817,-0.024457638709881817,-0.024457638709881817,-0.024457638709881817,-0.024670430056484876,-0.024670430056484876,-0.024670430056484876,-0.024670430056484876,-0.01984435091960044,-0.01984435091960044,-0.01984435091960044,-0.01984435091960044,-0.021080997250915397,-0.021080997250915397,-0.023568112049229935,-0.023568112049229935,-0.016246697500299334,-0.016246697500299334,-0.018670400934148894,-0.018670400934148894,-0.02142993134872231,-0.02142993134872231,-0.02084421908514554,-0.02084421908514554,-0.016767658579933526,-0.016767658579933526,-0.01637742359910052,-0.01637742359910052
2018-04-30,-0.02977339343697928,-0.020881167077773884,-0.02977339343697928,-0.020881167077773884,-0.030129337731116337,-0.02435790738285076,-0.030129337731116337,-0.02435790738285076,-0.01896607238086915,-0.014461243164190191,-0.01896607238086915,-0.014461243164190191,-0.016356134103230436,-0.014371365291988262,-0.016356134103230436,-0.014371365291988262,-0.007185635056141827,-0.005849629473080143,-0.007185635056141827,-0.005849629473080143,-0.0011844361051417869,-0.0010978295002495387,-0.0011844361051417869,-0.0010978295002495387,0.0002586855246576195,0.00023407444104928972,0.0002586855246576195,0.00023407444104928972,0.0036887921028468094,0.003677520023436372,0.0036887921028468094,0.003677520023436372,0.0028916074452398277,0.0026173472601016363,0.0028916074452398277,0.0026173472601016363,0.006073916033172932,0.006016074525351254,0.006081135719758127,0.006022235665424347,0.00675315401403998,0.006486286211368639,0.00675315401403998,0.006486286211368639,0.010298405500273666,0.010298405500273666,0.010296424445429957,0.010296424445429957
2018-05-31,-0.005784853935490302,-0.004728354605018754,-0.005784853935490302,-0.004728354605018754,-0.01945133130374643,-0.019322170095325816,-0.01945133130374643,-0.019322170095325816,-0.002185418706062236,-0.0019265464562671715,-0.002185418706062236,-0.0019265464562671715,-0.011568483586009773,-0.011475356713332819,-0.011568483586009773,-0.011475356713332819,-0.0018693543480614017,-0.0015909587411871064,-0.0018693543480614017,-0.0015909587411871064,-0.009692674767078644,-0.00968033925075964,-0.009692674767078644,-0.00968033925075964,0.0037012240035269287,0.003551814590975694,0.0009248422987419329,0.0009587329578631526,-0.004145938752447443,-0.004143003557493318,-0.006562175372740088,-0.006558812829206858,-0.000865199895719953,-0.0008159965340325187,0.007079978960926924,0.0067186701047472425,-0.0072009393653065905,-0.007190855310787035,-0.0003314021890603203,-0.00032524151001513753,0.003055621475454151,0.0030134019663237833,0.002127131242396189,0.002103878807097039,-0.0034343667913816493,-0.0034343667913816493,-0.005182650699519839,-0.005182650699519839
2018-06-29,0.021218351903639715,0.019569771954098952,0.021218351903639715,0.019569771954098952,0.017057716178271603,0.017057716178271603,0.017057716178271603,0.017057716178271603,0.018442282766116893,0.017691089153606766,0.018442282766116893,0.017691089153606766,0.014922341376956505,0.014922341376956505,0.014922341376956505,0.014922341376956505,0.009486644320764986,0.00945909119262732,0.009486644320764986,0.00945909119262732,0.004652633883886525,0.004652633883886525,0.004652633883886525,0.004652633883886525,0.005663933057481418,0.005642784798717887,0.005663933057481418,0.0056424158486624324,0.002782944524456245,0.002782944524456245,0.0027839712471355573,0.0027839712471355573,-0.0015938490288569438,-0.0016055677092383768,-0.0015938490288569438,-0.0016195139687682466,-0.0031998806269320145,-0.0031998806269320145,-0.0032084465550020224,-0.0032084465550020224,-0.003495538611867977,-0.003506346171992499,-0.003655538611867977,-0.0036665487305204145,-0.006818329655932596,-0.006818329655932596,-0.006977789417380545,-0.006977789417380545
2018-07-31,-0.029613754807952225,-0.029655171282948402,-0.029613754807952225,-0.029655171282948402,-0.029033484073732903,-0.029033484073732903,-0.029033484073732903,-0.029033484073732903,-0.014341420992787748,-0.014367885747545578,-0.014341420992787748,-0.014367885747545578,-0.004318766862301793,-0.004318766862301793,-0.004318766862301793,-0.004318766862301793,-0.015528821300624268,-0.015528821300624268,-0.015528821300624268,-0.015528821300624268,-0.00827711496812426,-0.00827711496812426,-0.00827711496812426,-0.00827711496812426,-0.012218619081062528,-0.012218619081062528,-0.012218619081062528,-0.012218619081062528,-0.006903141606180021,-0.006903141606180021,-0.006903141606180021,-0.006903141606180021,-0.004934318345297209,-0.004934318345297209,-0.004934318345297209,-0.004934318345297209,0.0003724507998887043,0.0003724507998887043,0.0003724507998887043,0.0003724507998887043,-0.0025765493085702805,-0.0025765493085702805,-0.0025765493085702805,-0.0025765493085702805,0.001008015972947858,0.001008015972947858,0.001008015972947858,0.001008015972947858
2018-08-31,0.061323114621153044,0.061323114621153044,0.061323114621153044,0.061323114621153044,0.053940263772825105,0.053940263772825105,0.053940263772825105,0.053940263772825105,0.07449863266340376,0.07449863266340376,0.07449863266340376,0.07449863266340376,0.0676223826681377,0.0676223826681377,0.0676223826681377,0.0676223826681377,0.06871425349168771,0.06871425349168771,0.06871425349168771,0.06871425349168771,0.06200567293100378,0.06200567293100378,0.06200567293100378,0.06200567293100378,0.0656956374313919,0.0656956374313919,0.0656956374313919,0.0656956374313919,0.06208422986211471,0.06208422986211471,0.06208422986211471,0.06208422986211471,0.06436897538508901,0.06436897538508901,0.062167683730313436,0.062167683730313436,0.06126383143480027,0.06126383143480027,0.05975581842796103,0.05975581842796103,0.04999069200610293,0.04999069200610293,0.04851296002984534,0.04851296002984534,0.04659255024290619,0.04659255024290619,0.04542131162778764,0.04542131162778764
2018-09-28,0.003235333344759839,0.003235333344759839,0.003235333344759839,0.003235333344759839,0.001460817228869257,0.001460817228869257,0.001460817228869257,0.001460817228869257,0.007678162042881587,0.007678162042881587,0.007678162042881587,0.007678162042881587,0.006944539695003641,0.006944539695003641,0.006944539695003641,0.006944539695003641,0.006928049842776728,0.006928049842776728,0.006928049842776728,0.006928049842776728,0.006647728718574068,0.006647728718574068,0.006647728718574068,0.006647728718574068,0.006408832321895294,0.006408832321895294,0.006408832321895294,0.006408832321895294,0.006004715788139761,0.006004715788139761,0.006004715788139761,0.006004715788139761,0.003539570054809392,0.003539570054809392,0.003439570054809392,0.003439570054809392,0.0032581198226999,0.0032581198226999,0.0031249392491047735,0.0031249392491047735,0.000413489544834693,0.000413489544834693,-0.00046500142081209013,-0.00046500142081209013,-0.0005966183774204659,-0.0005966183774204659,-0.0009028234983297825,-0.0009028234983297825
2018-10-31,-0.11670457557701266,-0.11670457557701266,-0.11670457557701266,-0.11670457557701266,-0.10023390643431167,-0.10023390643431167,-0.10023390643431167,-0.10023390643431167,-0.11261807625792421,-0.11261807625792421,-0.11261807625792421,-0.11261807625792421,-0.09919040897347936,-0.09919040897347936,-0.09919040897347936,-0.09919040897347936,-0.11275533529246924,-0.11275533529246924,-0.11275533529246924,-0.11275533529246924,-0.10163014050052234,-0.10163014050052234,-0.10163014050052234,-0.10163014050052234,-0.11239002242363574,-0.11239002242363574,-0.11239002242363574,-0.11239002242363574,-0.10180360913887894,-0.10180360913887894,-0.10180360913887894,-0.10180360913887894,-0.10845446812385842,-0.10845446812385842,-0.10845446812385842,-0.10845446812385842,-0.09850814943840842,-0.09850814943840842,-0.09850814943840842,-0.09850814943840842,-0.10072949139830292,-0.10072949139830292,-0.10072949139830292,-0.10072949139830292,-0.09155935569863574,-0.09155935569863574,-0.09155419807561993,-0.09155419807561993
2018-11-30,-0.00558574905455518,-0.00558574905455518,-0.03801832881703837,-0.03801832881703837,0.005479467680054936,0.005479467680054936,-0.027278122251860427,-0.027278122251860427,-0.0007225272447790242,-0.0007225272447790242,-0.030412031408300504,-0.030412031408300504,0.008491090066427327,0.008491090066427327,-0.022429555176148933,-0.022429555176148933,0.006229326632470708,0.006229326632470708,-0.02668266837752544,-0.026092746159841564,0.011139867045559998,0.011139867045559998,-0.020087114207214103,-0.020087114207214103,0.0041541028629630515,0.0041541028629630515,-0.0207632017074875,-0.0207632017074875,0.014500389413706898,0.014500389413706898,-0.015038865725213891,-0.015038865725213891,0.0038312115482196235,0.0038312115482196235,-0.006840640099252047,-0.006840640099252047,0.004497710278279281,0.004497710278279281,-0.0009658348547915842,-0.0009658348547915842,0.01964728984786408,0.01964728984786408,-0.001319981165627932,-0.001319981165627932,0.007530368925431449,0.007530368925431449,0.002992197840703118,0.002992197840703118
2018-12-31,-0.13452791687296867,-0.13096604086730532,-0.07771783842631184,-0.07771783842631184,-0.10994137544372357,-0.10994137544372357,-0.08667716480223626,-0.08667716480223626,-0.1075409414210961,-0.1075409414210961,-0.07934585918896621,-0.07934585918896621,-0.08349493938693286,-0.08349493938693286,-0.08707815100022617,-0.08707815100022617,-0.09546972277035229,-0.09546972277035229,-0.05828268779915943,-0.05828625763368154,-0.07001164130357944,-0.07001164130357944,-0.05988701678403676,-0.05988701678403676,-0.0918581042901454,-0.0918581042901454,-0.061077665979714806,-0.061077665979714806,-0.07184558483127286,-0.07184558483127286,-0.06240142803877135,-0.06240142803877135,-0.08762189108860034,-0.08762189108860034,-0.062329985479959576,-0.062329985479959576,-0.0661547807917502,-0.0661547807917502,-0.06164672289593142,-0.06164672289593142,-0.08566581708010539,-0.08566581708010539,-0.06528190839851142,-0.06528190839851142,-0.06911766755103102,-0.06911766755103102,-0.06209529701643366,-0.06209529701643366
2019-01-31,-0.017099460852047776,-0.017079724554572663,-0.008042269530830452,-0.008042269530830452,0.009393865520919753,0.009393865520919753,0.016711630235237793,0.016711630235237793,-0.02302220477642766,-0.02302220477642766,0.004655511971549851,0.004655511971549851,-0.0014728271902915645,-0.0014728271902915645,0.023904650878703283,0.023904650878703283,-0.018170424694884654,-0.018170424694884654,0.007534219853893409,0.007534219853893409,0.0025333843090111245,0.0025333843090111245,0.017943969284987094,0.017943969284987094,-0.014109142708941891,-0.014109142708941891,0.013436400982728811,0.013436400982728811,0.0014045670087377295,0.0014045670087377295,0.01951359071596201,0.01951359071596201,-0.009327610627269748,-0.009327610627269748,0.018639657556016796,0.018639657556016796,0.0026429146055612198,0.0026429146055612198,0.01405849878390702,0.01405849878390702,-0.006623861311331672,-0.006623861311331672,0.015581357482889116,0.015581357482889116,0.002739617590155648,0.002739617590155648,0.005499854395685609,0.005499854395685609
2019-02-28,0.02138773381401278,0.02138773381401278,0.02163773381401278,0.02163773381401278,0.012784870500728749,0.012784870500728749,0.013035391247054898,0.013035391247054898,0.028848935141997108,0.028848935141997108,0.029248935141997105,0.029248935141997105,0.02147709824123542,0.02147709824123542,0.02194805413283434,0.02194805413283434,0.027999117199263786,0.027999117199263786,0.0258184614450878,0.0258184614450878,0.02196222432356533,0.02196222432356533,0.022906325315749747,0.022906325315749747,0.02632862867291228,0.02632862867291228,0.01997599806698722,0.01997599806698722,0.017339089853723184,0.017339089853723184,0.01546733453305662,0.01546733453305662,0.02877926436519348,0.02877926436519348,0.03045630102480244,0.03045630102480244,0.019896256849472972,0.019896256849472972,0.023276660264781188,0.023276660264781188,0.02654959561697213,0.02654959561697213,0.031029484758418276,0.031029484758418276,0.01980813566761143,0.01980813566761143,0.02251807435689351,0.02251807435689351
2019-03-29,-0.007350583251741954,-0.007350583251741954,-0.007350583251741954,-0.007350583251741954,-0.0022519245784420024,-0.0022519245784420024,-0.0022519245784420024,-0.0022519245784420024,0.000322334177079496,0.000322334177079496,0.000322334177079496,0.000322334177079496,0.0045299260957419535,0.0045299260957419535,0.0045299260957419535,0.0045299260957419535,0.006506890920165525,0.006506890920165525,0.006340224253498858,0.006340224253498858,0.01238379203441484,0.01238379203441484,0.012246062380766483,0.012246062380766483,0.0074036330651733396,0.0074036330651733396,0.0036263625343653082,0.0036263625343653082,0.012238477025418927,0.012238477025418927,0.008865221546976353,0.008865221546976353,0.007940620352710934,0.007940620352710934,0.00717789663855565,0.00717789663855565,0.012570415627539487,0.012570415627539487,0.011553260792552342,0.011553260792552342,0.008316911971195733,0.008316911971195733,0.006228398458810512,0.006228398458810512,0.012300975426311063,0.012300975426311063,0.01062658466430078,0.01062658466430078
2019-04-30,0.002361577761120671,0.002361577761120671,0.002361577761120671,0.002361577761120671,0.001413764011360944,0.001413764011360944,0.001413764011360944,0.001413764011360944,0.02255938623416665,0.02255938623416665,0.02255938623416665,0.02255938623416665,0.011548709066195928,0.011548709066195928,0.011548709066195928,0.011548709066195928,0.02734165612377944,0.02734165612377944,0.02734165612377944,0.02734165612377944,0.01959929678835919,0.01959929678835919,0.01959929678835919,0.01959929678835919,0.027337376753852408,0.027337376753852408,0.027337376753852408,0.027337376753852408,0.017120716973353076,0.017120716973353076,0.017131213470036447,0.017131213470036447,0.026675572094625143,0.026675572094625143,0.026675572094625143,0.026675572094625143,0.017772429903785247,0.017772429903785247,0.017766466790086876,0.017766466790086876,0.027014485920166642,0.027014485920166642,0.026934485920166642,0.026934485920166642,0.019294803073301198,0.019294803073301198,0.019225588886905832,0.019225588886905832
2019-05-31,-0.04634275114549402,-0.04634275114549402,-0.04634275114549402,-0.04634275114549402,-0.040977626548909046,-0.040977626548909046,-0.040977626548909046,-0.040977626548909046,-0.06492579007195609,-0.06492579007195609,-0.06492579007195609,-0.06492579007195609,-0.0487576550651015,-0.0487576550651015,-0.0487576550651015,-0.0487576550651015,-0.05744712983533807,-0.05744712983533807,-0.05744712983533807,-0.05744712983533807,-0.04353362717433381,-0.04353362717433381,-0.04353362717433381,-0.04353362717433381,-0.060820576455924445,-0.060820576455924445,-0.060820576455924445,-0.060820576455924445,-0.03039657328448776,-0.03039657328448776,-0.03039657328448776,-0.03039657328448776,-0.054267835809120674,-0.054267835809120674,-0.054267835809120674,-0.054267835809120674,-0.030030256882300557,-0.030030256882300557,-0.030030256882300557,-0.030030256882300557,-0.058901551928660305,-0.058901551928660305,-0.058901551928660305,-0.058901551928660305,-0.0366348095029031,-0.0366348095029031,-0.0366348095029031,-0.0366348095029031
2019-06-28,0.041393601150303744,0.041393601150303744,0.041393601150303744,0.041393601150303744,0.01959502005371466,0.01959502005371466,0.01959502005371466,0.01959502005371466,0.038206351160554,0.038206351160554,0.038206351160554,0.038206351160554,0.019729109852376425,0.019729109852376425,0.019729109852376425,0.019729109852376425,0.03629755537908003,0.03629755537908003,0.03629755537908003,0.03629755537908003,0.019805574335988743,0.019805574335988743,0.019805574335988743,0.019805574335988743,0.03495380664776976,0.03495380664776976,0.03495380664776976,0.03495380664776976,0.02225844915681891,0.02225844915681891,0.02225844915681891,0.02225844915681891,0.03709840269439494,0.03709840269439494,0.03709840269439494,0.03709840269439494,0.024420232752606227,0.024420232752606227,0.024420232752606227,0.024420232752606227,0.03678222754570535,0.03678222754570535,0.03678222754570535,0.03678222754570535,0.02662019645726013,0.02662019645726013,0.02662019645726013,0.02662019645726013
2019-07-31,-0.0038905514490176476,-0.0038905514490176476,-0.0038905514490176476,-0.0038905514490176476,0.0058607172281308975,0.0058607172281308975,0.0058607172281308975,0.0058607172281308975,0.004684188196837781,0.004684188196837781,0.004684188196837781,0.004684188196837781,0.013224155155706142,0.013224155155706142,0.013224155155706142,0.013224155155706142,0.0034344872715503247,0.0034344872715503247,0.0034344872715503247,0.0034344872715503247,0.008807621806606417,0.008807621806606417,0.008807621806606417,0.008807621806606417,0.003530150127839571,0.003530150127839571,0.003530150127839571,0.003530150127839571,0.00785115139118286,0.00785115139118286,0.00785115139118286,0.00785115139118286,0.00479454472472473,0.00479454472472473,0.00479454472472473,0.00479454472472473,0.0067338096664911464,0.0067338096664911464,0.0067338096664911464,0.0067338096664911464,0.006583646289649918,0.006583646289649918,0.006583646289649918,0.006583646289649918,0.007742938692363394,0.007742938692363394,0.007742938692363394,0.007742938692363394
2019-08-30,0.0050619634851981074,0.0050619634851981074,0.0050619634851981074,0.0050619634851981074,0.008384750773784167,0.008384750773784167,0.008384750773784167,0.008384750773784167,-0.031995832220081684,-0.031995832220081684,-0.031995832220081684,-0.031995832220081684,-0.02634019996749754,-0.02634019996749754,-0.02634019996749754,-0.02634019996749754,-0.027208552271377598,-0.027208552271377598,-0.027208552271377598,-0.027208552271377598,-0.02177675643689804,-0.02177675643689804,-0.02177675643689804,-0.02177675643689804,-0.014095664634090076,-0.014095664634090076,-0.014095664634090076,-0.014095664634090076,0.00037890997978078214,0.00037890997978078214,0.00037890997978078214,0.00037890997978078214,-0.0048790731396595914,-0.0048790731396595914,-0.0048790731396595914,-0.0048790731396595914,0.006772422886976628,0.006772422886976628,0.006772422886976628,0.006772422886976628,-0.008090927149796296,-0.008090927149796296,-0.008090927149796296,-0.008090927149796296,0.003998806978495745,0.003998806978495745,0.003998806978495745,0.003998806978495745
2019-09-30,-0.02669294822548121,-0.02669294822548121,-0.019616621775744983,-0.019616621775744983,-0.02102021005965093,-0.02102021005965093,-0.014263226968065828,-0.014263226968065828,-0.02407176434329336,-0.02407176434329336,-0.017695807184678915,-0.017695807184678915,-0.018889228855786897,-0.018889228855786897,-0.013208884661115318,-0.013208884661115318,-0.020522796274025187,-0.020522796274025187,-0.01703759264141155,-0.01703759264141155,-0.015563688580780964,-0.015563688580780964,-0.013382594426295271,-0.013382594426295271,-0.015551923001048917,-0.015551923001048917,-0.01639891374735247,-0.01639891374735247,-0.00869434694820512,-0.00869434694820512,-0.010947844733977894,-0.010947844733977894,-0.01409772305197711,-0.01409772305197711,-0.00772592498815276,-0.00772592498815276,-0.008595678442527073,-0.008595678442527073,-0.006426434656258598,-0.006426434656258598,-0.011078280128188199,-0.011078280128188199,-0.004954228992010097,-0.004954228992010097,-0.007996803747692556,-0.007996803747692556,-0.005536885932201031,-0.005536885932201031
2019-10-31,0.01765878124332504,0.01765878124332504,0.01765878124332504,0.01765878124332504,0.015999850199873204,0.015999850199873204,0.016017729884492467,0.016017729884492467,0.02572844136512267,0.02572844136512267,0.02572844136512267,0.02572844136512267,0.022445686890951867,0.022445686890951867,0.022484405218672662,0.022484405218672662,0.02325393870350177,0.02325393870350177,0.02325393870350177,0.02325393870350177,0.019946248442860342,0.019946248442860342,0.02006602774656121,0.02006602774656121,0.01894685895310792,0.01894685895310792,0.018813525619774583,0.018813525619774583,0.014411662265245557,0.014411662265245557,0.014317382350078841,0.014317382350078841,0.010171039404153908,0.010171039404153908,0.010071039404153907,0.010071039404153907,0.005031710843371864,0.005031710843371864,0.005027630550946428,0.005027630550946428,0.01032917137947548,0.01032917137947548,0.01016917137947548,0.01016917137947548,0.005860532949670614,0.005860532949670614,0.0057917867250380705,0.0057917867250380705
2019-11-29,-0.004714708625360955,-0.004714708625360955,-0.004714708625360955,-0.004714708625360955,-0.003873090009240604,-0.003873090009240604,-0.003873090009240604,-0.003873090009240604,-0.0023066662576389035,-0.0023066662576389035,-0.0023066662576389035,-0.0023066662576389035,-0.0012572561163080895,-0.0012572561163080895,-0.0012572561163080895,-0.0012572561163080895,-0.008344375146932589,-0.008344375146932589,-0.008344375146932589,-0.008344375146932589,-0.006910002359003909,-0.006910002359003909,-0.006910002359003909,-0.006910002359003909,-0.007798018392096146,-0.007798018392096146,-0.007798018392096146,-0.007798018392096146,-0.007492115235262245,-0.007492115235262245,-0.007492115235262245,-0.007492115235262245,-0.0006527151822270643,-0.0006527151822270643,-0.0006527151822270643,-0.0006527151822270643,-0.0009572084391224862,-0.0009572084391224862,-0.0009572084391224862,-0.0009572084391224862,0.0029743157699970773,0.0029743157699970773,0.0029743157699970773,0.0029743157699970773,0.0031691869237838936,0.0031691869237838936,0.0031691869237838936,0.0031691869237838936
2019-12-31,0.0176340013117936,0.0176340013117936,0.0176340013117936,0.0176340013117936,0.001216839297702662,0.001216839297702662,0.001216839297702662,0.001216839297702662,0.022437693682591433,0.022437693682591433,0.022437693682591433,0.022437693682591433,0.009197019144686836,0.009197019144686836,0.009197019144686836,0.009197019144686836,0.02660950324814681,0.02660950324814681,0.02660950324814681,0.02660950324814681,0.012422904611151756,0.012422904611151756,0.012422904611151756,0.012422904611151756,0.02732076050729918,0.02732076050729918,0.02732076050729918,0.02732076050729918,0.01665262427423309,0.01665262427423309,0.01665262427423309,0.01665262427423309,0.026953991059589046,0.026953991059589046,0.028379549653618854,0.028379549653618854,0.01898739410107445,0.01898739410107445,0.02016772633415333,0.02016772633415333,0.023799233084347393,0.023799233084347393,0.025738540608123823,0.025738540608123823,0.01750323642177592,0.01750323642177592,0.01862574198826245,0.01862574198826245
2020-01-31,0.031107873248336013,0.031107873248336013,0.031107873248336013,0.031107873248336013,0.028117358451687845,0.028117358451687845,0.028117358451687845,0.028117358451687845,0.031788258671115045,0.031788258671115045,0.031788258671115045,0.031788258671115045,0.029538187125048777,0.029538187125048777,0.029538187125048777,0.029538187125048777,0.03298171745779873,0.03298171745779873,0.03298171745779873,0.03298171745779873,0.03062926434537405,0.03062926434537405,0.03062926434537405,0.03062926434537405,0.02575340773480739,0.02575340773480739,0.02575340773480739,0.02575340773480739,0.021221670180986273,0.021221670180986273,0.021221670180986273,0.021221670180986273,0.009471652027534142,0.009471652027534142,0.009471652027534142,0.009471652027534142,0.011042245446836239,0.011042245446836239,0.01106978200850263,0.01106978200850263,0.00433681581818817,0.00433681581818817,0.00433681581818817,0.00433681581818817,0.0036037722395254514,0.0036037722395254514,0.0036027420620371306,0.0036027420620371306
2020-02-28,-0.0733743681636421,-0.0733743681636421,-0.0733743681636421,-0.0733743681636421,-0.0787998713101663,-0.0787998713101663,-0.0787998713101663,-0.0787998713101663,-0.06447438911986741,-0.06447438911986741,-0.06447438911986741,-0.06447438911986741,-0.06559359598844382,-0.06559359598844382,-0.06559359598844382,-0.06559359598844382,-0.06026974619099564,-0.06026974619099564,-0.06026974619099564,-0.06026974619099564,-0.05981337445482887,-0.05981337445482887,-0.05981337445482887,-0.05981337445482887,-0.06430375861405266,-0.06430375861405266,-0.06430375861405266,-0.06430375861405266,-0.06611865072532679,-0.06611865072532679,-0.06611865072532679,-0.06611865072532679,-0.057934472183541585,-0.057934472183541585,-0.057934472183541585,-0.057934472183541585,-0.056737385753041034,-0.056737385753041034,-0.056737385753041034,-0.056737385753041034,-0.05492741690111866,-0.05492741690111866,-0.05492741690111866,-0.05492741690111866,-0.05480309887695167,-0.05480309887695167,-0.05480309887695167,-0.05480309887695167
2020-03-31,-0.15478246582963426,-0.15478246582963426,-0.15478246582963426,-0.15478246582963426,-0.12166404872343435,-0.12166404872343435,-0.12166404872343435,-0.12166404872343435,-0.1415610306410469,-0.1415610306410469,-0.1415610306410469,-0.1415610306410469,-0.11047847476056631,-0.11047847476056631,-0.11047847476056631,-0.11047847476056631,-0.12288460652629818,-0.12288460652629818,-0.12288460652629818,-0.12288460652629818,-0.09309214315880997,-0.09309214315880997,-0.09309214315880997,-0.09309214315880997,-0.14254006705685865,-0.14254006705685865,-0.15857476354299901,-0.15857476354299901,-0.10538654935341563,-0.10538654935341563,-0.12998684722443132,-0.12998684722443132,-0.12132162224958358,-0.12132162224958358,-0.1483968903794063,-0.1483968903794063,-0.07474813040371754,-0.07474813040371754,-0.11453537185028889,-0.11453537185028889,-0.11748327080143788,-0.11748327080143788,-0.12580681025593804,-0.12580681025593804,-0.09863616334894151,-0.09863616334894151,-0.08428936626845153,-0.08428936626845153
2020-04-30,-0.03503955718781687,-0.03445961059192188,-0.03503955718781687,-0.03445961059192188,-0.007618612293813677,-0.007618612293813677,-0.007618612293813677,-0.007618612293813677,-0.03592514337756546,-0.03592514337756546,-0.03286338670771661,-0.03286338670771661,-0.009423088621968749,-0.009423088621968749,-0.009282620318350967,-0.009282620318350967,-0.03575242562756744,-0.03575242562756744,-0.03152971826206016,-0.03152971826206016,-0.012729164450867664,-0.012729164450867664,-0.013199614825771361,-0.013199614825771361,-0.026900448044714247,-0.026900448044714247,-0.015846263471662063,-0.015846263471662063,-0.004744846766732105,-0.004744846766732105,-0.0033143031466309055,-0.0033143031466309055,-0.020505084624125005,-0.020505084624125005,-0.0023531911662327595,-0.0023531911662327595,-0.002799135545076453,-0.002799135545076453,0.002508634572422592,0.002508634572422592,-0.01656347582620362,-0.01656347582620362,0.019825550538447808,0.019825550538447808,-0.0024344231468798995,-0.0024344231468798995,0.007570737140426833,0.007570737140426833
2020-05-29,0.07872126525344701,0.03316072502382359,0.07872126525344701,0.03316072502382359,0.06429251383022469,0.03545681575918897,0.06429251383022469,0.03545681575918897,0.05781953815083109,0.03416402223167165,0.08838608850380975,0.03126954971927253,0.05756865878825661,0.036202491591329045,0.06893436512236657,0.03426328473163852,0.057637352986992796,0.03244372007299728,0.06934033875576419,0.03220668120490942,0.05716259678948012,0.03330988121755326,0.062310837791258365,0.03400897318010187,0.05430462412503216,0.02863091180893579,0.06466714874650324,0.028773903272765196,0.053529436087334695,0.0286060116334456,0.05878529373119504,0.02982488602139194,0.051206936589119484,0.02992374745866043,0.060048769544464045,0.028272745747936454,0.03946137206428068,0.03152179113415935,0.04575456140545002,0.0294622039991309,0.050626496548944896,0.03199867861810373,0.057630190462036025,0.030611618499197264,0.033234710101041925,0.030096272523498033,0.03639250499927999,0.030314697655392152
2020-06-30,0.10199469253202881,0.029157221667854904,0.08823970006623086,0.02543504234997956,0.09800031006616422,0.031159109008214593,0.08405350953630424,0.026881962477109892,0.09128251836529168,0.0287559053910613,0.0890521183591196,0.026592489744463592,0.07792583610326047,0.03097552017588072,0.08605452564683862,0.028014255462401817,0.08311471957818521,0.02940494731649118,0.07693873828146042,0.027432881933492147,0.06836924760637907,0.03194626618974887,0.06356584184332063,0.029932340165140896,0.0772403747581347,0.027507929917322246,0.07444295214687995,0.026732260110777763,0.06539261356858396,0.0291115925344692,0.06365087590561033,0.028573472561435807,0.05980157136921804,0.026360739518325457,0.05960411247179099,0.026393530617953388,0.0514865204412472,0.02459294964502227,0.05221335544197579,0.02518423621512433,0.053134267650980296,0.022621526476722206,0.05232384930328865,0.022136724664927717,0.04557278681266419,0.0206882809206232,0.04547942048143262,0.02047410985049768
2020-07-31,0.1168264438859724,0.0889674832068585,0.1165764438859724,0.08889695087281162,0.1264881303786705,0.08892943055721898,0.126214342039042,0.08885031914859236,0.10635236526002761,0.07950507446475744,0.10635236526002761,0.07949005481271777,0.11163250578509484,0.077290137272979,0.11190986012716678,0.07735487879078783,0.09037260374159546,0.07335109121219513,0.09020593707492879,0.07329281283288057,0.0877390685826648,0.07703355777963322,0.08760652532807642,0.07697408113622126,0.08523045516806241,0.07080091182687973,0.08741837525186597,0.07506238986104875,0.08436119136735351,0.07794430980554995,0.08683738905883137,0.08323506275758046,0.08389316929405566,0.07030535996060307,0.08496595468987722,0.07310045799610668,0.08258634062888436,0.07545989842773318,0.08367096325048283,0.0785270532354621,0.09582224386991682,0.08513075067097511,0.09684486623220526,0.08442057489482048,0.09487907042139689,0.09315715520350247,0.09732629608799696,0.09168370201418405
2020-08-31,0.12601837596841325,0.08141465897976974,0.12601837596841325,0.08141465897976974,0.11406671859226593,0.08211062127051474,0.11406671859226593,0.08211062127051474,0.11370839774198167,0.07995658952201937,0.11370839774198167,0.07995658952201937,0.10313100892446418,0.07986313013089394,0.10313100892446418,0.07986313013089394,0.11262537256611821,0.082494132718924,0.11262537256611821,0.082494132718924,0.10402970867353577,0.08352961266021465,0.10402970867353577,0.08352961266021465,0.10959082327608084,0.08409824037558991,0.10959082327608084,0.08407010418820311,0.10105531089726733,0.08393753483847392,0.10103794245324688,0.08390487495001273,0.10267985694007309,0.08425756119640827,0.10267985694007309,0.08423457190735376,0.09378550350707496,0.08259615712717411,0.09377530470750677,0.08258018063164461,0.0911494479371469,0.07951358358089927,0.09122944793714689,0.07960024179348874,0.08013648667863583,0.0789594587380252,0.08024201736431637,0.07905465684194336
2020-09-30,-0.03136558006044746,-0.020232047551376576,-0.03136558006044746,-0.020232047551376576,-0.014850555299330211,-0.010694250686106003,-0.014850555299330211,-0.010694250686106003,-0.050148980691518505,-0.03239489593100358,-0.050148980691518505,-0.03239489593100358,-0.03074713745883568,-0.02195725702215945,-0.03074713745883568,-0.02195725702215945,-0.049566781710286265,-0.03384234803481326,-0.049566781710286265,-0.03384234803481326,-0.03442613244873976,-0.025969955295094705,-0.03442613244873976,-0.025969955295094705,-0.04684696525271415,-0.034161122799589924,-0.04684696525271415,-0.034161122799589924,-0.03499467584608378,-0.028081300469654225,-0.03499467584608378,-0.028081300469654225,-0.037685167961708954,-0.030217065630474115,-0.037685167961708954,-0.030217065630474115,-0.027947932943711673,-0.024917663671493232,-0.027947932943711673,-0.024917663671493232,-0.0314194090513656,-0.026891752161831838,-0.0314194090513656,-0.026891752161831838,-0.024076637024635545,-0.022844392066625176,-0.024076637024635545,-0.022844392066625176
2020-10-30,0.003647635805623356,0.002181591382169232,0.003647635805623356,0.002181591382169232,0.012509379353694342,0.00844119320363899,0.012509379353694342,0.00844119320363899,-0.006550709228826834,-0.004064091447197434,-0.006550709228826834,-0.004064091447197434,-0.00047910188896820895,-0.00031445409646434924,-0.00047910188896820895,-0.00031445409646434924,-0.006192464702218819,-0.004028166773298777,-0.006192464702218819,-0.004028166773298777,-0.0013017944390280966,-0.0009297109212499181,-0.0013017944390280966,-0.0009297109212499181,-0.005880229495509119,-0.004095122866001446,-0.005880229495509119,-0.004095122866001446,-0.0022313708274993055,-0.0017159500368733552,-0.0022313708274993055,-0.0017159500368733552,-0.010385570583870386,-0.008045557199066298,-0.010385570583870386,-0.008045557199066298,-0.008601866174144143,-0.007485492784222444,-0.008601866174144143,-0.007485492784222444,-0.009590196671898716,-0.007688992488995951,-0.009590196671898716,-0.007688992488995951,-0.008343797773471991,-0.007415959633348702,-0.008343797773471991,-0.007415959633348702
2020-11-30,0.1775186060916439,0.10562920590777133,0.1775186060916439,0.10562920590777133,0.1655702836732077,0.1141347721896328,0.1655702836732077,0.1141347721896328,0.14526014637738643,0.0905664250132189,0.09906874340170893,0.07510587209248193,0.13778756548897653,0.09765831198718532,0.11326315383790626,0.09002495375955026,0.1263674302965709,0.07992597927989918,0.0877788882896617,0.06573515905844253,0.12491184821125711,0.08878567249173035,0.1035098059839614,0.08151492184627135,0.12394880648271547,0.08600728499479421,0.091330494903554,0.0717852232079226,0.11972592818277455,0.09570313042074294,0.10082030973589585,0.08413418281739693,0.12789257900689524,0.09555055224150272,0.10634193779250672,0.0878400012234179,0.12596062760762347,0.10634212830052833,0.11699678661673579,0.10300195167391556,0.12254613931453147,0.09890408754251816,0.10444779318926968,0.09219070099450981,0.11779708258239478,0.10803884534422932,0.11049182767287588,0.10504455931531156
2020-12-31,0.12214181843101554,0.06800374107312619,0.12214181843101554,0.06800374107312619,0.11484842982841556,0.0729010858656068,0.11484842982841556,0.0729010858656068,0.11337063374676608,0.06776878631669869,0.11317063374676607,0.06751349134222534,0.10574232274933058,0.0716108128594896,0.10551758435024991,0.07137194276926812,0.10253177467460935,0.06295574627905029,0.10236510800794268,0.06273661808740656,0.09511619625688827,0.06503024148536919,0.09493024890359741,0.06482610976499859,0.09528352054105914,0.06476530657975436,0.0951501872077258,0.06458201828550547,0.08694513331009004,0.06685725393570698,0.08673646943001737,0.06666126793225649,0.08977892438922937,0.06507313768163792,0.08977892438922937,0.06499414579399915,0.08293161793367157,0.06666931297752217,0.08293161793367157,0.06663310640191383,0.0949317540062482,0.07226132213975835,0.0949317540062482,0.07218517648448913,0.0872794959462634,0.07287365344799658,0.08729945333070649,0.0728429691992608
2021-01-29,0.058950338483664155,0.044215820584773684,0.058950338483664155,0.044215820584773684,0.06087522772219036,0.051265667550508515,0.06087522772219036,0.051265667550508515,0.04901333763095452,0.04159175631968558,0.04901333763095452,0.04159175631968558,0.04901749708669046,0.04647123745122986,0.04901749708669046,0.04647123745122986,0.04000670180579208,0.033844076031793256,0.04000670180579208,0.033844076031793256,0.04219992273391827,0.03955620902533784,0.04219992273391827,0.03955620902533784,0.03724621751021865,0.03342886374763515,0.03724621751021865,0.03342886374763515,0.03810760124652416,0.037994165290524344,0.03810760124652416,0.037994165290524344,0.05187038834434234,0.04972019013599287,0.05187038834434234,0.04972019013599287,0.05407995102604363,0.05396498115581631,0.05407995102604363,0.05396498115581631,0.038067609606902204,0.037867347209803254,0.038067609606902204,0.037867347209803254,0.038191022419725586,0.038097818353797795,0.038191022419725586,0.038097818353797795
2021-02-26,-0.04550686359880672,-0.040476625628670666,-0.04550686359880672,-0.040476625628670666,-0.033857100366922625,-0.030906586242895783,-0.033857100366922625,-0.030906586242895783,0.003910127804949021,0.0036293241124448036,0.003910127804949021,0.0036293241124448036,0.009534937185379382,0.009139895639813298,0.009534937185379382,0.009139895639813298,-0.0007196663715658026,-0.0006786621875838536,-0.01853166584806423,-0.018607218381205902,0.0037335967938789396,0.0034977030503028942,-0.003133593824695402,-0.003145201647455044,0.003379240539769,0.003190703192401117,-0.017473225428479667,-0.017519390161279794,0.00796995237941247,0.007951394373625374,-0.005538669975641873,-0.005538669975641873,0.0040501459823556575,0.004015713806892451,-0.010196690236560934,-0.01022729661475045,0.009385086437821228,0.009385086437821228,0.0018430013295670897,0.0018430013295670897,0.007906510788819553,0.007906510788819553,-0.003725634073023936,-0.003725634073023936,0.014082263480137844,0.014082263480137844,0.008150765951038731,0.008150765951038731
2021-03-31,-0.024556903081625586,-0.017880279419438757,-0.024556903081625586,-0.017880279419438757,-0.031150454866707717,-0.02271477438157082,-0.031150454866707717,-0.02271477438157082,-0.02402516092728251,-0.018835288949904532,-0.02402516092728251,-0.018835288949904532,-0.02966589541264059,-0.023227526858429232,-0.02966589541264059,-0.023227526858429232,-0.02385671393807505,-0.01903391695103009,-0.02385671393807505,-0.01913888708601621,-0.026826801993622962,-0.02156525886664861,-0.026744720046577693,-0.02161274814190689,-0.0008913932243264493,-0.0008907871652620965,-0.0008913932243264493,-0.0009355098511758858,-0.000276402878158731,-0.00034161683613747603,-0.00022726538373372203,-0.00034318342308638244,0.005724899110649797,0.004565161665610502,0.005724899110649797,0.004565161665610502,0.006941651308035029,0.005877117538807501,0.00698288213006526,0.005891355232056904,-0.0015820999280828823,-0.0015276716566758686,-0.0015820999280828823,-0.0015276716566758686,-0.0032682651805923625,-0.003050799133115765,-0.0032250198677647524,-0.0030235603211549974
2021-04-30,0.0666876289709682,0.03992374210345779,0.0666876289709682,0.03992374210345779,0.06232651095791227,0.040290076984511834,0.06232651095791227,0.040290076984511834,0.05123844830100231,0.02918144504870607,0.05123844830100231,0.02918144504870607,0.04878488130321733,0.02977211560835743,0.04878488130321733,0.02977211560835743,0.040812753632206676,0.024431234364707323,0.040812753632206676,0.024431234364707323,0.03361145639333481,0.021807190624854065,0.03361145639333481,0.021807190624854065,0.04340234217983196,0.028189809272803068,0.04340234217983196,0.028189809272803068,0.0397433767039842,0.028130472199749384,0.0397433767039842,0.028130472199749384,0.03957981763844973,0.026886782580451327,0.03957981763844973,0.026886782580451327,0.03698879190751421,0.026921143679717922,0.03698879190751421,0.026921143679717922,0.03373703316702758,0.023956602909102315,0.03373703316702758,0.023956602909102315,0.034201368764089045,0.026084776410459903,0.034201368764089045,0.026084776410459903
2021-05-31,0.03200270221001808,0.025277455438871697,0.03200270221001808,0.025277455438871697,0.04126722175599793,0.04024077373706869,0.04126722175599793,0.04024077373706869,0.03799173546749166,0.02968016964679582,0.03799173546749166,0.02968016964679582,0.04280281926452103,0.03947125036305022,0.04280281926452103,0.03947125036305022,0.0365220141264316,0.029420118744043145,0.0365220141264316,0.029420118744043145,0.040261408590839626,0.03723162796145327,0.040261408590839626,0.03723162796145327,0.027860561340611236,0.023062471384291426,0.027860561340611236,0.023062471384291426,0.03324468192411387,0.031156636339570325,0.03324468192411387,0.031156636339570325,0.019100188745224532,0.016121935461025128,0.019100188745224532,0.016121935461025128,0.025293366591292357,0.023896322637993735,0.025293366591292357,0.023896322637993735,0.016959658412013905,0.0148359818935916,0.016959658412013905,0.0148359818935916,0.023642440571918368,0.022991047205684848,0.023642440571918368,0.022991047205684848
2021-06-30,0.016759378722291565,0.01229523229820869,0.016759378722291565,0.01229523229820869,0.010459138724626898,0.008584955161836664,0.010459138724626898,0.008584955161836664,0.012350346143726518,0.009425060327016638,0.012350346143726518,0.009425060327016638,0.0070883125900661195,0.005949957321728908,0.0070883125900661195,0.005949957321728908,0.01176215638405015,0.00933171149294317,0.01176215638405015,0.00933171149294317,0.008607125161946358,0.007561683799766437,0.008607125161946358,0.007561683799766437,0.007827086184034047,0.006559920611393241,0.021565151037326903,0.017361445781177317,0.004996204707280832,0.004587261556379733,0.017428936981571493,0.015482800565156305,-0.003337465664675125,-0.003071296132179948,0.015305469939050525,0.01280568032169448,-0.00725980510646563,-0.00709416778014254,0.006801025242929136,0.006226144555697577,-0.00869650376681111,-0.00835336883107774,0.004392548637550381,0.00393312519755432,-0.014463506706711688,-0.014444091532079784,-0.004315759153326138,-0.004240476555420122
2021-07-30,-0.023675718314618316,-0.02002865804556195,-0.023675718314618316,-0.02002865804556195,-0.019735453651870835,-0.01762282805468399,-0.019735453651870835,-0.01762282805468399,-0.0021239406127559596,-0.0019663089559405524,-0.0021239406127559596,-0.0019663089559405524,0.005247907215983495,0.004939472126716117,0.005247907215983495,0.004939472126716117,-0.0048416680932946805,-0.004646531576743986,-0.0048416680932946805,-0.004646531576743986,0.0013250573870549258,0.0013459424419341524,0.0013250573870549258,0.0013459424419341524,-0.003979086190395548,-0.004072925720413517,-0.004245752857062215,-0.0043097581161779044,0.0010097886486274002,0.001020840241412562,0.000767509805424451,0.0008017930712868257,-0.009699448748553339,-0.009746756314857538,-0.009799448748553338,-0.009863652500304979,-0.004791865677401593,-0.004793763257694897,-0.0048549950292793125,-0.004832369507612042,-0.005163810620885635,-0.005187623178065815,-0.007656571996387953,-0.007698788064748053,-0.0010704421771898587,-0.0010704421771898587,-0.004084911417806464,-0.0040812010402827194
2021-08-31,0.003155393015989356,0.0027982187332942273,0.003155393015989356,0.0027982187332942273,-0.0005660317374918255,-0.0005090953039282625,-0.0005660317374918255,-0.0005090953039282625,0.019924232456628645,0.019522374982994372,0.019924232456628645,0.019522374982994372,0.01750783822421673,0.017548873077737167,0.01750783822421673,0.017548873077737167,0.012418778289426355,0.012392203962389551,0.012418778289426355,0.012392203962389551,0.010290389266116225,0.010290389266116225,0.010290389266116225,0.010290389266116225,0.010661504970037823,0.010661504970037823,0.010661504970037823,0.010661504970037823,0.007858280310479245,0.007858280310479245,0.007858280310479245,0.007858280310479245,0.00574628727259941,0.00574628727259941,0.00574628727259941,0.00574628727259941,0.002847666964800881,0.002847666964800881,0.002847666964800881,0.002847666964800881,0.0072915680748175575,0.0072915680748175575,0.007211568074817558,0.007211568074817558,0.006161687630559862,0.006161687630559862,0.006061725698305961,0.006061725698305961
2021-09-30,-0.02906896693626987,-0.026128183255423855,-0.02906896693626987,-0.026128183255423855,-0.03617509597621139,-0.03375779839920957,-0.03617509597621139,-0.03375779839920957,-0.009884255191851718,-0.009376144645921054,-0.009884255191851718,-0.009376144645921054,-0.014982625041760263,-0.01465467834044765,-0.014982625041760263,-0.01465467834044765,-0.006391283861827932,-0.006365008147825849,-0.006391283861827932,-0.006365008147825849,-0.010499715037041859,-0.010499715037041859,-0.010499715037041859,-0.010499715037041859,0.007134982922245648,0.006994385608594143,0.007134982922245648,0.006994385608594143,-0.0002005063217581075,-0.0002005063217581075,-0.0002005063217581075,-0.0002005063217581075,0.0018678140734911205,0.001812626609375792,0.006324885473502411,0.0058568376442416975,-0.003525751943230319,-0.003525751943230319,0.0002581609433945877,0.0002581609433945877,-0.008606528038672775,-0.008606528038672775,-0.003608808913497431,-0.003608808913497431,-0.014487634193412147,-0.014487634193412147,-0.010045123910750617,-0.010045123910750617
2021-10-29,0.0841659369768869,0.059322107668633446,0.0841659369768869,0.059322107668633446,0.08074798200583538,0.05944228111366658,0.08074798200583538,0.05944228111366658,0.07160582133599427,0.053916192788211185,0.07160582133599427,0.053916192788211185,0.06514757776671849,0.05195662398578737,0.06514757776671849,0.05195662398578737,0.06731172633142622,0.050914082151651434,0.06521870164573917,0.05026890439100291,0.06160953608582143,0.04921199398592533,0.05926044958946905,0.04818041540367905,0.06570064450887031,0.05114855078802762,0.06410044201697894,0.049245940956058595,0.060942804718092894,0.049703203708648655,0.059559815568826065,0.04786871261958582,0.06947473936179334,0.0607653156327669,0.06049385337741572,0.05081664295084771,0.06220342215895046,0.058930618820479695,0.054534758089031236,0.04984028652181036,0.05865843742870946,0.05686426895091842,0.05887601276440318,0.0530467315119287,0.0540544461897942,0.0540544461897942,0.054083940935436864,0.054083940935436864
2021-11-30,-0.049008602570724855,-0.0413161897551997,-0.049008602570724855,-0.0413161897551997,-0.05686642436652429,-0.050444673587045956,-0.05686642436652429,-0.050444673587045956,-0.0593818268200195,-0.048418150439816406,-0.0593818268200195,-0.048418150439816406,-0.06366209883514726,-0.05446655725096462,-0.06366209883514726,-0.05446655725096462,-0.043841733441331174,-0.04046978947754635,-0.043841733441331174,-0.04046265751428529,-0.03478890405554078,-0.03478314170041585,-0.034792696595496206,-0.03478982517794611,-0.035831840803656444,-0.034014872733988705,-0.035831840803656444,-0.034019534194420574,-0.029961212046473517,-0.029987429306881298,-0.02994830503490664,-0.029973599890070927,-0.04669298219400745,-0.044467985822066645,-0.0498887711474155,-0.04678109162618301,-0.03964158501542306,-0.03966000420171126,-0.043095148666926694,-0.043128357204375516,-0.04772108998612024,-0.04774150286134401,-0.04861674493450585,-0.04868282612530376,-0.04341072749075321,-0.04341072749075321,-0.04365379669297659,-0.04365379669297659
2021-12-31,-0.03514874638583619,-0.0317781775062696,-0.014445475623021689,-0.011999613675372948,-0.024781079757321238,-0.024749711360079044,-0.0014902678128613164,-0.0014284671410187714,-0.028938945682666292,-0.028938945682666292,-0.017291388420735954,-0.016648966036648064,-0.017727635846062875,-0.01761980638583738,-0.010874138788183866,-0.010808915424423311,-0.013212665079080857,-0.01322585474662811,0.006991276914320048,0.006600045546839415,0.004429025060052219,0.004429025060052219,0.011319665834166761,0.011319665834166761,-0.005412098178199491,-0.005415643538122905,0.015665591922763126,0.015640774403299234,0.009502580624578497,0.009502580624578497,0.02493197242637734,0.02493197242637734,0.01144088591268977,0.011435985848376452,0.019979546707980012,0.01996680526044296,0.025140336027305227,0.025140336027305227,0.026066615888840003,0.026066615888840003,0.015356171406454762,0.015356171406454762,0.027448087417631016,0.027448087417631016,0.026475812776239362,0.026475812776239362,0.03468371296608138,0.03468371296608138
2022-01-31,-0.01866604503365868,-0.0159607795326172,-0.01841604503365868,-0.015701952591372623,-0.026637122972621757,-0.026637122972621757,-0.026441889275927135,-0.026391436376386513,-0.00019914446999583116,-0.0002692703978268218,8.555300041687176e-07,-4.7927368313666584e-05,-0.009413833564558823,-0.009413833564558823,-0.009264305111492902,-0.009264305111492902,-0.01972201520473154,-0.019180189229875654,-0.019388681871398205,-0.018835754239312726,-0.0336279982401269,-0.0336279982401269,-0.03357300180745687,-0.03357300180745687,-0.008380395572028635,-0.008241166006299813,-0.008113728905361968,-0.00797952994860688,-0.025968120593214666,-0.025968120593214666,-0.02581790903290026,-0.02581790903290026,-0.0013715531194470197,-0.0013715531194470197,-0.00127155311944702,-0.00127155311944702,-0.01245982789205039,-0.01245982789205039,-0.012493820714856179,-0.012493820714856179,-0.001224624724683153,-0.001224624724683153,-0.0010646247246831528,-0.0010646247246831528,-0.00887873211955088,-0.00887873211955088,-0.008802061568119416,-0.008802061568119416
2022-02-28,0.03155553099767873,0.02678669270320739,0.03155553099767873,0.02678669270320739,0.04187851135042977,0.035773995979954,0.04187851135042977,0.035773995979954,0.030068149204328733,0.02526561133123875,0.030068149204328733,0.02526561133123875,0.03441571413280269,0.029499119170137752,0.03441571413280269,0.029499119170137752,0.03788142711369853,0.03602144589701402,0.03788142711369853,0.03602144589701402,0.042009816469160195,0.042009816469160195,0.042009816469160195,0.042009816469160195,0.03977991831951784,0.03977866066727441,0.03977991831951784,0.03977866066727441,0.04314626838507621,0.04314626838507621,0.04314626838507621,0.04314626838507621,0.035855773217217855,0.035855773217217855,0.035855773217217855,0.035855773217217855,0.03713257552365383,0.03713257552365383,0.03713257552365383,0.03713257552365383,0.03064291148181381,0.03064291148181381,0.03064291148181381,0.03064291148181381,0.028096244470732425,0.028096244470732425,0.028096244470732425,0.028096244470732425
2022-03-31,0.09836718671568166,0.09829218038986057,0.09836718671568166,0.09829218038986057,0.08904690877953574,0.08907445433350417,0.08904690877953574,0.08907445433350417,0.10032854546838975,0.10029728547172163,0.10032854546838975,0.10029728547172163,0.09279324781012953,0.09284506557262663,0.09279324781012953,0.09284506557262663,0.09746257273807492,0.09745452105154385,0.09746257273807492,0.09745452105154385,0.09127476768294202,0.09127476768294202,0.09127476768294202,0.09127476768294202,0.08938496511505024,0.08938496511505024,0.08938496511505024,0.08938496511505024,0.07773331697459206,0.07773331697459206,0.07773331697459206,0.07773331697459206,0.08746622988867862,0.08746622988867862,0.08746622988867862,0.08746622988867862,0.07517465831372883,0.07517465831372883,0.07517465831372883,0.07517465831372883,0.08171900389653128,0.08171900389653128,0.08144142862421606,0.08144142862421606,0.0699708370271049,0.0699708370271049,0.06965335891235377,0.06965335891235377
2022-04-29,0.05714246435431364,0.02771092143941271,0.05714246435431364,0.02771092143941271,0.05185426491791957,0.03423442127501205,0.05185426491791957,0.03423442127501205,0.04975600521876954,0.02679690549616267,0.04975600521876954,0.02679690549616267,0.0420917140414631,0.030973607346732872,0.0420917140414631,0.030973607346732872,0.03707651334104555,0.023701410176823954,0.03707651334104555,0.023701410176823954,0.030544518872631096,0.024855230152291657,0.030544518872631096,0.024855230152291657,0.02639383677336924,0.018168670208013403,0.02639383677336924,0.018168670208013403,0.018388059876207292,0.015389892087002423,0.018388059876207292,0.015389892087002423,0.013863110815106626,0.011531398361776695,0.013863110815106626,0.011531398361776695,0.010978398369006909,0.010978398369006909,0.010978398369006909,0.010978398369006909,0.01011777404190793,0.009712917842042616,0.0038353966260974365,0.0037181559794000067,0.009368359759571076,0.009368359759571076,0.004512964768129467,0.004512964768129467
2022-05-31,0.09215690816618483,0.04440859417585252,0.09215690816618483,0.04440859417585252,0.10529206390583047,0.06620576498047986,0.10529206390583047,0.06620576498047986,0.08341698142162975,0.042032045679187405,0.08341698142162975,0.042032045679187405,0.09278573986715506,0.0590238751243712,0.09278573986715506,0.0590238751243712,0.06716003821750058,0.0403748495096898,0.06716003821750058,0.0403748495096898,0.05751157290939272,0.04957640713099561,0.05751157290939272,0.04957640713099561,0.05385077220820399,0.03723717753906525,0.05385077220820399,0.03723717753906525,0.03438837713249459,0.03453790606938631,0.03438837713249459,0.03453790606938631,0.04060041532388683,0.034944053963075844,0.04060041532388683,0.034944053963075844,0.014895874968691016,0.014895874968691016,0.014895874968691016,0.014895874968691016,0.03016128663589873,0.029828568515017903,0.03217381310845433,0.032159587074217476,0.009805024584140034,0.009805024584140034,0.010048662085798597,0.010048662085798597
2022-06-30,-0.15518075145848179,-0.08435823919897592,-0.15518075145848179,-0.08435823919897592,-0.15790809061391922,-0.08960847900346107,-0.15790809061391922,-0.08960847900346107,-0.16074740352728203,-0.0769776176160256,-0.16074740352728203,-0.0769776176160256,-0.15810005812502764,-0.09032341561568424,-0.15810005812502764,-0.09032341561568424,-0.14027114776289118,-0.07751420993562606,-0.14027114776289118,-0.07751420993562606,-0.13513483144025962,-0.08667187389328858,-0.13513483144025962,-0.08667187389328858,-0.12406347064926779,-0.08156050019419055,-0.12406347064926779,-0.08156050019419055,-0.11041668049136497,-0.09807154839758367,-0.11041668049136497,-0.09807154839758367,-0.11162912813457022,-0.08853697846860044,-0.11162912813457022,-0.08853697846860044,-0.09072100905766749,-0.09072100905766749,-0.09072100905766749,-0.09072100905766749,-0.10883370177930937,-0.09812084405095638,-0.10883370177930937,-0.09813134560351187,-0.08837776536318481,-0.08837776536318481,-0.08840081650286429,-0.08840081650286429
2022-07-29,-0.0337171401108738,-0.026952530814131764,0.03221015590954651,0.02332615012033015,-0.03614470277172246,-0.029707263517963114,-0.006724204183298312,-0.00517961986664972,-0.005298173727468911,-0.0038621839764367825,0.02105502006636575,0.01612653754803423,-0.013059842426733014,-0.009839703089934,-0.010637196572765578,-0.00864963910865061,-0.011946920133002628,-0.010312716989115539,0.035942132022996565,0.026019891289449495,-0.021820091783419312,-0.021171447657931886,0.006525257294941854,0.0051490587181309945,-0.007938966553787574,-0.008143389400813796,0.02020810552749848,0.017472875289696592,-0.012889289275292109,-0.012846200515502367,-0.010403234755571691,-0.010362899337982283,-0.001057569891125636,-0.0011193766275567878,0.026261310322282995,0.026117094603943642,-0.0044726829243742685,-0.0044726829243742685,0.005646486150176171,0.005646486150176171,0.0005544442469349164,0.0005268532191987807,0.025179501950041015,0.025112495168396115,-0.0019657632625422455,-0.0019657632625422455,0.00828235960668396,0.00828235960668396
2022-08-31,-0.012866712378256248,-0.0059069020862736535,-0.012866712378256248,-0.005831121683350438,-0.020971579069848895,-0.010532935324884172,-0.02110818364623219,-0.01062608522711741,-0.018611117873302694,-0.00877486439981024,0.00011736408244200993,0.0007121413082064452,-0.02589352534944414,-0.013105405868482986,-0.010948425474111869,-0.005712792865347308,-0.01456754287912075,-0.007405473609785491,-0.0024620427540241016,-0.0007068614257713815,-0.019730685073203344,-0.010964263399149951,-0.01215913995385387,-0.006600935137636554,-0.013769075767973631,-0.008819076853822187,-0.004992801078128391,-0.002630748195748234,-0.013824382208441092,-0.01159073406069456,-0.005908391363584851,-0.003969374260302641,-0.005860137197434915,-0.004724533693700402,-0.003247859695664206,-0.002225074684527348,-0.0014292257981520472,-0.0014292257981520472,-0.0042024015571307605,-0.003946067455901025,-0.0061922619322565394,-0.005484303034929343,0.0001237910395707031,0.00026634130829701326,-0.004126293255756573,-0.004126293255756573,-0.0024149817583478533,-0.0024149817583478533
2022-09-30,-0.12811070701619445,-0.07744159266425239,-0.12891167466960587,-0.07319163371955273,-0.11010079912524343,-0.0687625336869578,-0.11703095990047885,-0.06658007213273658,-0.11723916450512605,-0.07418695861430998,-0.10953398689425672,-0.06762143428114946,-0.10028161515789526,-0.06588159589894868,-0.0940870377351499,-0.05986628048344552,-0.09825827917136605,-0.07131754809947559,-0.1030692280398741,-0.06850512106681522,-0.06304716763132442,-0.05443447847333655,-0.08977273424239268,-0.06157163676429405,-0.0826704228124607,-0.0701585301308322,-0.08176655641951514,-0.05682498306310989,-0.041034271797974094,-0.040897994424501934,-0.05469211719557731,-0.044247199776729536,-0.07793986071483268,-0.07804010248587427,-0.07513368588479624,-0.06452680597193142,-0.048330161569870946,-0.048330161569870946,-0.047710321224340456,-0.04767453336945187,-0.07794482922246797,-0.07800342448378182,-0.07243031873635586,-0.07113400867754388,-0.053396165402533204,-0.053396165402533204,-0.04922886382494705,-0.04922886382494705
2022-10-31,-0.0016994285473204405,-0.0015046218431141668,0.09096545684245672,0.07191743616990545,0.002661100649359039,0.003029969452769828,0.07009600482633102,0.07040521021760751,-0.0012424158353850682,-0.0010256461858491512,0.09488271456501807,0.08335003221692597,0.002246007521958516,0.0025822258699468737,0.07537407256593669,0.07556503866251676,-0.000771074027428152,-0.0006365029518209362,0.06787769112779538,0.06497709713229236,0.0020642896014278793,0.0021954488977110336,0.050422578672577316,0.05069697660925664,-0.00036639888613790176,-0.0002972860182326721,0.0662689835091277,0.0639468657293446,0.0018752233944352309,0.0018752233944352309,0.052099244518812836,0.05226719255966673,-2.83904115143225e-05,-2.83904115143225e-05,0.07805425749430492,0.07798508031770124,0.0015850103470113324,0.0015850103470113324,0.06367970664571038,0.06367970664571038,0.00017441467325982648,0.00017441467325982648,0.05869562961678706,0.05868293940730287,0.0014012776327089725,0.0014012776327089725,0.04881540067050324,0.04881540067050324
2022-11-30,-0.011825903498093896,-0.010311861433568308,-0.01808389329686505,-0.011877277075789304,-0.026112822417054926,-0.026112822417054926,-0.03165306103298926,-0.030743704966364662,0.012159977198230336,0.012159977198230336,-0.01917326114364654,-0.012712778384308185,-0.015527001173021915,-0.015527001173021915,-0.03033431628172951,-0.027643726549421342,0.0025891304187712454,0.0025891304187712454,-0.013649676408584449,-0.011049596101239725,-0.018836600347454,-0.018836600347454,-0.02073008366814461,-0.02073008366814461,0.010852409824280838,0.010852409824280838,0.006108518102792406,0.005939223569223311,-0.004775965877070105,-0.004775965877070105,-0.012000377588736354,-0.012000377588736354,0.020070491362578633,0.020070491362578633,0.007043077302056889,0.007043077302056889,0.0079037242558298,0.0079037242558298,-0.00884497478799632,-0.00884497478799632,0.020192999993307603,0.020192999993307603,0.012402212530876157,0.012402212530876157,0.006770540370029733,0.006770540370029733,0.0017707567186219138,0.0017707567186219138
2022-12-30,-0.009849162957637686,-0.004896146962434959,-0.047503056943889316,-0.027689360920229267,-0.01686065002860039,-0.009183570413942008,-0.03315743249448174,-0.018952197990321076,-0.009054903796886726,-0.005293900438393081,-0.03174608566222076,-0.019600972836763847,-0.011112730167717157,-0.007511804780806244,-0.024476272001633895,-0.01494192823055008,-0.008689053196473671,-0.005108551554193301,-0.032584377964313856,-0.020113558456769348,-0.010186612361557816,-0.006774931545249736,-0.02609046398664576,-0.015839011572086326,-0.01575914443031536,-0.012523471735913014,-0.028525563855430414,-0.019431030297124893,-0.020488003791792216,-0.020112606676189065,-0.020254579095693385,-0.014599230340766474,-0.019006088525785902,-0.015842566334049693,-0.025867235729439608,-0.02116622437481667,-0.02473193386080909,-0.024729486287707908,-0.01834222527343242,-0.01834222527343242,-0.02008882484784215,-0.018238184187109156,-0.028467567051270622,-0.026791432880434184,-0.025226238529371506,-0.025226238529371506,-0.02331739010500462,-0.02331739010500462
2023-01-31,0.00903706855671936,0.008939981922321918,0.01693344292958089,0.01361545351907847,-4.675308258159528e-05,9.910455873948266e-05,0.01567777696930618,0.012739970591001425,0.0329292186461036,0.03280042740028505,0.008817956039852583,0.00850675680217773,0.02476844658482215,0.024746365637292125,0.00013730941964947658,0.00032764537850148905,0.020133067959476576,0.020027589185915795,0.005336197148139231,0.005161405138192137,0.011281314424807683,0.011359819098275374,-0.002424370479591856,-0.0021761977967238687,0.02803568653799628,0.02797702199416661,0.018169588590924417,0.01807282498805541,0.023882838836044466,0.023894993976067893,0.007253840491579346,0.0073848195588545875,0.030861757997551885,0.030817885415884982,0.013477488770179426,0.013394995379268661,0.02474373062561802,0.024743811405154397,0.0037596916501281886,0.0037596916501281886,0.026568147349034926,0.026545334986481144,0.01686132180879842,0.016833290638464737,0.011364689515308262,0.011364689515308262,0.00861362924276631,0.00861362924276631
2023-02-28,-0.05340326280902517,-0.04253380300157609,-0.05315326280902517,-0.042153987163141685,-0.04856272852674764,-0.03888213361408897,-0.0481277968011905,-0.038476524643946,-0.04949716338084659,-0.039400551902739916,-0.04929716338084659,-0.039220000236921106,-0.045731829331215605,-0.036205831783958725,-0.04563891459979106,-0.036109020841262295,-0.04470400135887839,-0.038719023062317455,-0.05540393325665358,-0.04903458966723303,-0.039308240893881935,-0.034962816198616374,-0.05528830557312508,-0.05148776777794665,-0.04378206198563928,-0.04194000354425648,-0.05228374251357159,-0.05149525099206703,-0.03789530108742326,-0.03789530108742326,-0.049830965175406985,-0.049830965175406985,-0.036793798784226575,-0.036793798784226575,-0.04423251325529319,-0.04423251325529319,-0.029754472114667134,-0.029754472114667134,-0.038447711845900935,-0.038447711845900935,-0.031848170223719954,-0.031848170223719954,-0.03931458861746633,-0.03931458861746633,-0.02463115739406426,-0.02463115739406426,-0.03393147435447395,-0.03393147435447395
2023-03-31,-0.006346149079800202,-0.006248858502825369,-0.006346149079800202,-0.006248858502825369,0.0011942371474591745,0.0013812943669571727,0.0011942371474591745,0.0013812943669571727,-0.012178962466386552,-0.012062361537286376,-0.012178962466386552,-0.012062361537286376,-0.008397633427594644,-0.008203124295073957,-0.008397633427594644,-0.008203124295073957,-0.013189741539243386,-0.013126289647036585,-0.013189741539243386,-0.013134701950371294,-0.011486252883578872,-0.011384088379934371,-0.011486252883578872,-0.011421233114154519,-0.008204259884615114,-0.008196292435530668,-0.008337593217948447,-0.008332791896408266,-0.006522857498691775,-0.006522857498691775,-0.006650094943917009,-0.006650094943917009,-0.007685493116311212,-0.007685493116311212,-0.007685493116311212,-0.007685493116311212,-0.004589696085799264,-0.004589696085799264,-0.004592286573808321,-0.004592286573808321,-0.01592130098360188,-0.01592130098360188,-0.01608130098360188,-0.01608130098360188,-0.011160192878856697,-0.011160192878856697,-0.011344491795054598,-0.011344491795054598
2023-04-28,0.04210524826843674,0.036936597198758775,0.04210524826843674,0.036936597198758775,0.03923093426527211,0.03894936967519461,0.03923093426527211,0.03894936967519461,0.05838392383016715,0.05688885078814116,0.05838392383016715,0.05688885078814116,0.06182143067452701,0.06182143067452701,0.06182143067452701,0.06182143067452701,0.0536105068952276,0.0536105068952276,0.0536105068952276,0.0536105068952276,0.0554378918929571,0.0554378918929571,0.0554378918929571,0.0554378918929571,0.050222857248015715,0.050222857248015715,0.050222857248015715,0.050222857248015715,0.05084974713621683,0.05084974713621683,0.05084974713621683,0.05084974713621683,0.04352316141270231,0.04352316141270231,0.04352316141270231,0.04352316141270231,0.043903830434645776,0.043903830434645776,0.043903830434645776,0.043903830434645776,0.03736148882877516,0.03736148882877516,0.03736148882877516,0.03736148882877516,0.03702468972658681,0.03702468972658681,0.03702468972658681,0.03702468972658681
2023-05-31,-0.016161620509396013,-0.015968141355751357,-0.016161620509396013,-0.015968141355751357,-0.02666713447931803,-0.02667018105198184,-0.02666713447931803,-0.02667018105198184,-0.010701920899387754,-0.01072873684082384,-0.010701920899387754,-0.01072873684082384,-0.021781513663442383,-0.021781513663442383,-0.021781513663442383,-0.021781513663442383,-0.0177403745366284,-0.0177403745366284,-0.008663419832762023,-0.008663419832762023,-0.02819367372544979,-0.02819367372544979,-0.01960408725421878,-0.01960408725421878,-0.022138897306406096,-0.022138897306406096,-0.015563112128031123,-0.015563112128031123,-0.030658761234278974,-0.030658761234278974,-0.02480891689516681,-0.02480891689516681,-0.020155328960684164,-0.020155328960684164,-0.01540497581151448,-0.01540497581151448,-0.02680702732324332,-0.02680702732324332,-0.022441403292387203,-0.022441403292387203,-0.024443465244991813,-0.024443465244991813,-0.022099507552586096,-0.022099507552586096,-0.027213230347896005,-0.027213230347896005,-0.025996140112024453,-0.025996140112024453
2023-06-30,0.12751576740629525,0.11505485730233907,0.1170215008559961,0.10977037187095887,0.10085057555250201,0.10085057555250201,0.09788584344379492,0.09788584344379492,0.10576406520057696,0.10199057403261483,0.09742398342401755,0.09742398342401755,0.08390689491223183,0.08390689491223183,0.08102557322049364,0.08102557322049364,0.0977744849733683,0.0977744849733683,0.09006934864473395,0.09006934864473395,0.07834223602622295,0.07834223602622295,0.07464822761528181,0.07464822761528181,0.08745612050934846,0.08484986806756188,0.08366588315242177,0.08366588315242177,0.07321834140279472,0.07321834140279472,0.07075444769544503,0.07075444769544503,0.0836702351246812,0.0836702351246812,0.08065726796380043,0.08065726796380043,0.07266082488183612,0.07266082488183612,0.07277545658930569,0.07277545658930569,0.08552538364153361,0.08552538364153361,0.07662147838149427,0.07662147838149427,0.07736994585251296,0.07736994585251296,0.06934425389150109,0.06934425389150109
2023-07-31,0.04830732761100537,0.04828215798513673,0.06071123904422998,0.06067920964718248,0.047196492128321825,0.047196492128321825,0.05355600071281697,0.05355600071281697,0.043973586609221196,0.04396619903811109,0.05832727693524521,0.05832727693524521,0.04086329642260831,0.04086329642260831,0.04984376733032103,0.04984376733032103,0.042010006110460484,0.042010006110460484,0.05725135984740468,0.05725135984740468,0.03925855990986493,0.03925855990986493,0.0501447628584359,0.0501447628584359,0.05693693173708232,0.0569265709499362,0.05717776276528957,0.05717776276528957,0.051232957816453394,0.051232957816453394,0.04995641046139392,0.04995641046139392,0.052349849111814596,0.052349849111814596,0.06302584934757308,0.06302584934757308,0.0485959396423615,0.0485959396423615,0.054755186735730876,0.054755186735730876,0.049437219693755446,0.049437219693755446,0.0567007834606092,0.0567007834606092,0.045573329040758545,0.045573329040758545,0.05096487896977026,0.05096487896977026
2023-08-31,0.0016574123710053907,0.0016574123710053907,0.0016574123710053907,0.0016574123710053907,-0.0048757637231294434,-0.0048757637231294434,-0.004939500635419459,-0.004939500635419459,-0.008435411191755249,-0.008435411191755249,-0.00823541119175525,-0.00823541119175525,-0.017645656331227538,-0.017645656331227538,-0.017530491706530947,-0.017530491706530947,-0.021027683671259748,-0.021027683671259748,-0.020861017004593082,-0.020861017004593082,-0.025545597839571277,-0.025545597839571277,-0.025432368654577563,-0.025432368654577563,-0.029090324204879284,-0.029090324204879284,-0.029090324204879284,-0.029090324204879284,-0.031411259548188616,-0.031411259548188616,-0.03142280883402817,-0.03142280883402817,-0.030214345331590946,-0.030214345331590946,-0.030214345331590946,-0.030214345331590946,-0.03113637967671291,-0.03113637967671291,-0.031138089887420305,-0.031138089887420305,-0.03430016512888813,-0.03430016512888813,-0.03430016512888813,-0.03430016512888813,-0.035686120512760405,-0.035686120512760405,-0.03575427183110447,-0.03575427183110447
2023-09-29,-0.07686374599404365,-0.07686374599404365,-0.07686374599404365,-0.07686374599404365,-0.0711616705851081,-0.0711616705851081,-0.0711616705851081,-0.0711616705851081,-0.06734503673400456,-0.06734503673400456,-0.06734503673400456,-0.06734503673400456,-0.06217066421285938,-0.06217066421285938,-0.06217066421285938,-0.06217066421285938,-0.07047656499487558,-0.07047656499487558,-0.07047656499487558,-0.07047656499487558,-0.06711127757174672,-0.06711127757174672,-0.06711127757174672,-0.06711127757174672,-0.06801943579080584,-0.06801943579080584,-0.06801943579080584,-0.06801943579080584,-0.06469676174247642,-0.06469676174247642,-0.06469676174247642,-0.06469676174247642,-0.06115393066920395,-0.06115393066920395,-0.06115393066920395,-0.06115393066920395,-0.057974484210544276,-0.057974484210544276,-0.057974484210544276,-0.057974484210544276,-0.058653968738603804,-0.058653968738603804,-0.058653968738603804,-0.058653968738603804,-0.05594011522648277,-0.05594011522648277,-0.05594011522648277,-0.05594011522648277
2023-10-31,-0.05821971980892046,-0.05821971980892046,-0.02628290248510401,-0.02628290248510401,-0.048438135290355185,-0.048438135290355185,-0.013733756242874543,-0.013733756242874543,-0.05524861212447884,-0.05524861212447884,-0.027007530272709013,-0.027007530272709013,-0.04650985154154344,-0.04650985154154344,-0.01843170167388341,-0.01843170167388341,-0.046949549421511375,-0.046949549421511375,-0.03276790298100866,-0.03276790298100866,-0.038956425577668784,-0.038956425577668784,-0.02538435055024657,-0.02538435055024657,-0.020729710699716443,-0.020729710699716443,-0.03256229803782571,-0.03256229803782571,-0.020810129020013134,-0.020810129020013134,-0.025564968734528733,-0.025564968734528733,-0.027937960981544538,-0.027937960981544538,-0.016013272371908676,-0.016013272371908676,-0.02810002977991791,-0.02810002977991791,-0.016576170151296372,-0.016576170151296372,-0.02941614363561751,-0.02941614363561751,-0.0211783718101537,-0.0211783718101537,-0.030454808790458004,-0.030454808790458004,-0.0224237116973232,-0.0224237116973232
2023-11-30,0.16958333151949012,0.14169284077307415,0.20845042079362985,0.12664966951343903,0.11797254624921767,0.11797254624921767,0.15233579084778634,0.11639135196177933,0.15932178835346314,0.14528224462515224,0.18547430056563796,0.12911437215330765,0.1200085138676488,0.1200085138676488,0.13258908233098454,0.12184158426873454,0.14271109499146292,0.1400698411992951,0.1911195080556379,0.14660419701750937,0.10770163671494537,0.10770163671494537,0.15090937436127802,0.15090937436127802,0.13228427029498593,0.13228427029498593,0.1810741950131228,0.15343027197714218,0.10596018794733598,0.10596018794733598,0.14970394065371126,0.14970394065371126,0.11061334642419438,0.11061334642419438,0.151794275570425,0.14942014500823014,0.06721800444503162,0.06721800444503162,0.13018619108096002,0.13018619108096002,0.09954243457906542,0.09954243457906542,0.14673463659298763,0.14673463659298763,0.04615285757374693,0.04615285757374693,0.12886418332733826,0.12886418332733826
2023-12-29,0.17472890850342995,0.10827558738850827,0.17522890850342995,0.10879630032224054,0.10921490408049728,0.08126200101921359,0.10983661913096564,0.08177151799633621,0.14467489568871586,0.10222729000521313,0.14467489568871586,0.10243608023826556,0.085686269961647,0.07455590852365768,0.0855828870653088,0.07444691375259642,0.1272852331918418,0.09933827201947387,0.12761856652517511,0.09979695951971293,0.07585813834725696,0.07252103429264013,0.0761337289915727,0.07278186662443321,0.11886116124070534,0.10134169028846786,0.119527827907372,0.10205518480918749,0.07480557080883968,0.07480557080883968,0.07549153236956124,0.07549153236956124,0.11623443760329934,0.10263148040587794,0.11673443760329934,0.10308729790022951,0.08268297508524812,0.08268297508524812,0.08354053875944241,0.08354053875944241,0.10928564048997191,0.10226355151669095,0.10984564048997192,0.10278645734054077,0.08051849428148569,0.08051849428148569,0.08162975076471995,0.08162975076471995
2024-01-31,-0.07030768873696533,-0.040274052393814624,-0.07030768873696533,-0.040274052393814624,-0.03605829495705448,-0.026216239359092182,-0.03605829495705448,-0.026216239359092182,-0.0680090879681796,-0.0414849436682329,-0.0680090879681796,-0.0414849436682329,-0.03700215111283866,-0.02759620726313056,-0.03700215111283866,-0.02759620726313056,-0.05279814402964418,-0.035808251956632446,-0.05279814402964418,-0.035808251956632446,-0.019147545473190045,-0.016646259312664762,-0.019147545473190045,-0.016646259312664762,-0.0429910880274811,-0.03187159966508857,-0.0429910880274811,-0.03187159966508857,-0.014862549604132042,-0.013495054488763186,-0.014862549604132042,-0.013495054488763186,-0.024169467318020645,-0.020741190813612097,-0.024169467318020645,-0.020741190813612097,0.0014433172569145872,0.0014433172569145872,0.0014433172569145872,0.0014433172569145872,-0.009972994161928683,-0.009747699478332233,-0.00814065605010822,-0.00793553801094625,0.010011420772192213,0.010011420772192213,0.012520049318787554,0.012520049318787554
2024-02-29,0.2047293382777564,0.15144525000965547,0.2047293382777564,0.15144525000965547,0.1341466102547421,0.13409689708859843,0.1341466102547421,0.13409689708859843,0.177943424141056,0.14727101910822296,0.177943424141056,0.14727101910822296,0.11774836656909177,0.11773617356108375,0.11774836656909177,0.11773617356108375,0.15143525070013011,0.13428298810787853,0.15143525070013011,0.13428298810787853,0.10935777202763121,0.10934855511901558,0.10935777202763121,0.10934855511901558,0.1347211485403362,0.13464211461841383,0.1347211485403362,0.13464211461841383,0.09228871855568144,0.09230860957540636,0.09228871855568144,0.09230860957540636,0.10834328522840991,0.10828300357910918,0.10834328522840991,0.10828300357910918,0.07687644116036278,0.07687644116036278,0.07687644116036278,0.07687644116036278,0.0969892883240318,0.09697512991352691,0.0969892883240318,0.09697411673790839,0.07110418673339698,0.07110418673339698,0.07111090835843013,0.07111090835843013
2024-03-29,0.04625667572083861,0.027864070012965467,0.04625667572083861,0.027864070012965467,0.013370049920456867,0.011437422992967818,0.013370049920456867,0.011437422992967818,0.04827875856997176,0.03262362442069192,0.04827875856997176,0.03262362442069192,0.025167955363309732,0.022986972846197877,0.025167955363309732,0.022986972846197877,0.04773356962168577,0.0352496918119096,0.04773356962168577,0.0352496918119096,0.030127479907406485,0.02940764809988328,0.030127479907406485,0.02940764809988328,0.043642101497437025,0.0351894668820501,0.043642101497437025,0.0351894668820501,0.028592720051780537,0.028592720051780537,0.028592720051780537,0.028592720051780537,0.038620280971385895,0.036166561150787035,0.038620280971385895,0.036166561150787035,0.02575302661320185,0.02575302661320185,0.02575302661320185,0.02575302661320185,0.034476492797583226,0.03398407454613591,0.034476492797583226,0.03398407454613591,0.024965071735102626,0.024965071735102626,0.024965071735102626,0.024965071735102626
2024-04-30,-0.1167723029603141,-0.06399065150306237,-0.1167723029603141,-0.06399065150306237,-0.1059537465086286,-0.07490798996006058,-0.1059537465086286,-0.07490798996006058,-0.09772086043970693,-0.06257435542164848,-0.09772086043970693,-0.06257435542164848,-0.07449993427894615,-0.0664787674807087,-0.07449993427894615,-0.0664787674807087,-0.09424813078444962,-0.06640042945711812,-0.09424813078444962,-0.06640042945711812,-0.07559175459918441,-0.07090654741840692,-0.07559175459918441,-0.07090654741840692,-0.07910879179210242,-0.06384419566199445,-0.07910879179210242,-0.06384419566199445,-0.062232477687892356,-0.062232477687892356,-0.062232477687892356,-0.062232477687892356,-0.0735988276077187,-0.06875493809420016,-0.0735988276077187,-0.06875493809420016,-0.06017252835559686,-0.06017252835559686,-0.06017252835559686,-0.06017252835559686,-0.06286869596096464,-0.0628806239227045,-0.06286869596096464,-0.0628806239227045,-0.05074822967123062,-0.05074822967123062,-0.05074822967123062,-0.05074822967123062
2024-05-31,0.07130386717846554,0.050244352304409545,0.07130386717846554,0.050244352304409545,0.08476338677077136,0.07515953622108737,0.08476338677077136,0.07515953622108737,0.059416733822240116,0.04450652258125597,0.059416733822240116,0.04450652258125597,0.06533353601837695,0.060416949400794784,0.06533353601837695,0.060416949400794784,0.06610562722609087,0.04544731782025222,0.06610562722609087,0.04544731782025222,0.0632478199074724,0.05678925727658633,0.0632478199074724,0.05678925727658633,0.06660428141603358,0.05137539176946569,0.06660428141603358,0.05137539176946569,0.06433866398075097,0.06433866398075097,0.06433866398075097,0.06433866398075097,0.055843701188195795,0.04869805528065689,0.055843701188195795,0.04869805528065689,0.05085021448204238,0.05085021448204238,0.05085021448204238,0.05085021448204238,0.0464719882674116,0.04445655626340545,0.0464719882674116,0.04445655626340545,0.038477085501815035,0.038477085501815035,0.038477085501815035,0.038477085501815035
2024-06-28,0.035983696679303026,0.023275705287104025,0.035983696679303026,0.023275705287104025,0.018482631756381554,0.01739432861609867,0.018482631756381554,0.01739432861609867,0.019863935907194475,0.014965769883264585,0.019863935907194475,0.014965769883264585,0.0049605362471625385,0.004987493587283016,0.0049605362471625385,0.004987493587283016,0.008298547932611124,0.007260508235466285,0.004354192999697818,0.004236360641272559,-0.007392241001345904,-0.007305422461006372,-0.005857987184710445,-0.005830664231538161,0.007192651021923133,0.006615526130260443,0.002111894918658211,0.002344177853700262,-0.00613701788540098,-0.00613701788540098,-0.007552407268005133,-0.007552407268005133,-0.0037887905806491934,-0.0035660012361651383,-0.004932714326047788,-0.004701484325628376,-0.015472449005248147,-0.015472449005248147,-0.013319334352567694,-0.013319334352567694,-0.006808562644299035,-0.006825475775596589,-0.00859664011072211,-0.008613553242019664,-0.015384117706387309,-0.015384117706387309,-0.014353970865467889,-0.014353970865467889
2024-07-31,-0.01902851260283675,-0.013074712546873141,-0.01902851260283675,-0.013074712546873141,-0.012135891561244375,-0.012102308623109334,-0.012135891561244375,-0.012102308623109334,-0.01799530600454832,-0.014713160329081692,-0.01799530600454832,-0.014713160329081692,-0.012916176421850126,-0.012916176421850126,-0.012916176421850126,-0.012916176421850126,-0.014814259038064903,-0.013558510372578164,-0.014814259038064903,-0.01355233447968055,-0.010568945122323363,-0.010568945122323363,-0.010568945122323363,-0.010568945122323363,-0.01406746129211004,-0.014122645130868139,-0.01406746129211004,-0.014119943141184303,-0.01019566592662965,-0.01019566592662965,-0.01019566592662965,-0.01019566592662965,-0.008249132977615424,-0.008263223915357614,-0.008249132977615424,-0.00826187197314412,-0.0041816311267693276,-0.0041816311267693276,-0.0041816311267693276,-0.0041816311267693276,0.0006220406094429387,0.0006220406094429387,0.0006220406094429387,0.0006220406094429387,0.004220726641602886,0.004220726641602886,0.004221159300731372,0.004221159300731372
2024-08-30,-0.1053239634572485,-0.06489446917213455,-0.11502898391321759,-0.06911952188726037,-0.09073428421687843,-0.07667991513584699,-0.1003463630084426,-0.06807247593906364,-0.08450258639641649,-0.061165341566602235,-0.10062714666769161,-0.07142008045367172,-0.06719565931378035,-0.0652552974648097,-0.08476587655139373,-0.07652460856461894,-0.0769977953383303,-0.06049357739383619,-0.08639035904977509,-0.067781609269185,-0.061665572923797866,-0.061024276359142905,-0.06802134166370095,-0.06642089794507683,-0.057256242297484765,-0.05182705944751549,-0.06753714681307171,-0.05967809658643718,-0.03791640011789789,-0.03791640011789789,-0.04572661686787721,-0.04572661686787721,-0.03929995930268725,-0.03929995930268725,-0.05349457490694941,-0.05349457490694941,-0.019156656377297517,-0.019156656377297517,-0.031597234382869835,-0.031597234382869835,-0.02267456708242968,-0.02267456708242968,-0.03788172273971279,-0.03788172273971279,-0.0054968902222013605,-0.0054968902222013605,-0.016183625106256785,-0.016183625106256785
2024-09-30,0.028463448870266958,0.02036092197145238,0.036677444746381516,0.02237855214040137,0.021050120884982572,0.017843576751292962,0.03152687687278969,0.023430631370162883,0.029975695025386214,0.023449311088384647,0.02800381099071931,0.018526671877323615,0.022768959672189656,0.02162767882706427,0.021957408766565958,0.01749662855950119,0.02617363132022549,0.02153693046210493,0.029340622433243285,0.02108596159994215,0.02001419932817419,0.01925085177587481,0.023304564249471464,0.020947546859200923,0.027329609252607887,0.023494667371497992,0.026396979064802678,0.02035122681702549,0.022266862742565473,0.022266862742565473,0.02153068062992872,0.020072092191248916,0.02874600477084549,0.027647938863017744,0.03135301867126753,0.026493930534563007,0.02433953410077473,0.02433953410077473,0.02928475591352468,0.02928475591352468,0.027330409427116422,0.026927058451408185,0.028227810850249797,0.025912902312258665,0.024013231422939065,0.024013231422939065,0.025055010483966324,0.025055010483966324
2024-10-31,0.011679787880243306,0.008478181910266905,0.011779547145824201,0.007929271103521792,0.0022352343478119897,0.002633381064208704,0.0015357618812491037,0.0023744075373379335,0.022838804352930748,0.015516317313405855,0.013471124088482469,0.00929358296147079,0.014960328153213274,0.01197461439701858,0.006376478783851911,0.005607544486351537,0.02228707315317782,0.016218592733727617,0.020185820221785895,0.01378490358372762,0.015624764433235907,0.01330376665139478,0.01347201887371499,0.011056255424494697,0.016351434899708427,0.01281296534181861,0.0178074713812592,0.013096507242817558,0.009337961711829317,0.008453378978964969,0.011735766595345093,0.010141178492571694,0.009022782093932244,0.0079564988487263,0.010064366272732807,0.008395166856412806,0.0014214487826205273,0.0014431927136934713,0.0031736122952023943,0.003200363964177956,0.008200534224476771,0.007503710889606978,0.007499172299871269,0.006705983394354363,0.004394035637095275,0.004394035637095275,0.002913510486498148,0.002913510486498148
2024-11-29,0.1461335789788909,0.09669436754546862,0.19367507249445529,0.11019762605904761,0.11211806409708491,0.08851004219196805,0.11670465831227707,0.0841013129981464,0.1237231629227293,0.08936595588137992,0.1953073946339436,0.12329886939448358,0.09747112869025522,0.08387349232492634,0.13898216026389443,0.11227678987338009,0.11975274905648563,0.09373920535632801,0.16380606976150017,0.11122403387083854,0.09806418263310472,0.09090581450520895,0.11479702958254044,0.0975557286262327,0.10053865431150101,0.08721228547038977,0.14238851832826957,0.10872471900002476,0.07235806882502692,0.07237167361442415,0.09137246447891817,0.09084589639871644,0.10117600825115432,0.09781502232798071,0.13098282495333693,0.11383684918572952,0.0815922171479095,0.08159449390837067,0.09220460098459471,0.09224102352626563,0.09072537105911119,0.09064386228607636,0.11334576223083537,0.10886463779779756,0.07278500217837362,0.07278500217837362,0.0789630832668877,0.0789630832668877
2024-12-31,-0.08261993940827557,-0.042584347645248155,-0.08261993940827557,-0.04249199881138103,-0.061689096395288794,-0.052058361247643806,-0.061855157566504386,-0.052163360506033936,-0.07180767855947273,-0.04280017805475532,-0.07160767855947273,-0.042587184797065344,-0.05263647529081377,-0.04949699177968504,-0.05255661126037416,-0.04939269154727765,-0.0712824069471821,-0.04734894004230804,-0.0712824069471821,-0.0472565388252896,-0.05451735993100207,-0.05449835863415409,-0.05465607824438137,-0.054583294727057106,-0.06470811677269092,-0.05000775101994197,-0.06457478343935759,-0.04983051564730884,-0.04814872494602371,-0.04814872494602371,-0.048107143697745464,-0.04810135336344297,-0.06496455509231104,-0.05765154667551774,-0.06486455509231104,-0.05749417471280117,-0.05213396251958034,-0.05213396251958034,-0.05210220836803437,-0.05210220836803437,-0.06273459191969599,-0.06101230630563896,-0.06273459191969599,-0.06098999276799031,-0.04987640242659466,-0.04987640242659466,-0.04992606016323086,-0.04992606016323086
2025-01-31,0.07715444474581018,0.03561801926387232,0.07715444474581018,0.03561801926387232,0.06997496759899834,0.04403352503720996,0.06997496759899834,0.04403352503720996,0.07193769613626655,0.038001656119536875,0.07193769613626655,0.038001656119536875,0.06409723505666447,0.04732518085574183,0.06409723505666447,0.04732518085574183,0.06853420305325043,0.04077328944774273,0.06853420305325043,0.04077328944774273,0.06019995095217058,0.05253853744614469,0.06019995095217058,0.05253853744614469,0.06464426992356903,0.04413045265992336,0.06464426992356903,0.04413045265992336,0.056674240322117125,0.056674240322117125,0.056674240322117125,0.056674240322117125,0.06350141170396643,0.04945621342600553,0.06350141170396643,0.04945621342600553,0.05791377416140041,0.05791377416140041,0.05791377416140041,0.05791377416140041,0.06075254623329757,0.05157755672121548,0.06075254623329757,0.05157755672121548,0.056210770322848304,0.056210770322848304,0.056210770322848304,0.056210770322848304
2025-02-28,-0.09484402943809148,-0.055038579832658564,-0.09484402943809148,-0.055038579832658564,-0.06772937817653461,-0.04928905427032573,-0.06772937817653461,-0.04928905427032573,-0.08158774788559517,-0.04986211318913121,-0.08158774788559517,-0.04986211318913121,-0.052575017843367926,-0.0398611787561446,-0.052575017843367926,-0.0398611787561446,-0.06722302884257571,-0.048066351589149015,-0.06722302884257571,-0.048066351589149015,-0.035698164223397846,-0.03380142561003792,-0.035698164223397846,-0.03380142561003792,-0.05925053306367622,-0.046225754675683406,-0.05925053306367622,-0.046225754675683406,-0.0330918490918859,-0.0330918490918859,-0.0330918490918859,-0.0330918490918859,-0.04529417125395538,-0.04180455524545852,-0.04529417125395538,-0.04180455524545852,-0.019522841731524652,-0.019522841731524652,-0.019522841731524652,-0.019522841731524652,-0.04501806709730814,-0.04452718643596368,-0.04501806709730814,-0.04452718643596368,-0.025584054213809288,-0.025584054213809288,-0.025584054213809288,-0.025584054213809288
2025-03-31,0.031675880618436084,0.031675880618436084,0.031675880618436084,0.031675880618436084,0.025888067953462757,0.026147108885968575,0.025888067953462757,0.026147108885968575,0.03163528753802718,0.03163528753802718,0.03163528753802718,0.03163528753802718,0.028642979595833756,0.028870767558623913,0.028642979595833756,0.028870767558623913,0.013891416162386754,0.013891416162386754,0.013891416162386754,0.013891416162386754,0.010884235074939767,0.010932276570963005,0.010884235074939767,0.010932276570963005,0.0009042387140270934,0.0008624717049409524,0.0009042387140270934,0.0008624717049409524,-0.005837297358873833,-0.005837297358873833,-0.005837297358873833,-0.005837297358873833,-0.014535256219909469,-0.014564149364758755,-0.024706283098058737,-0.024742399529120343,-0.01880361731755322,-0.01880361731755322,-0.022136224498490238,-0.022136224498490238,-0.020744253096834465,-0.020748395899555086,-0.024803930186656113,-0.024808072989376734,-0.02297663772241173,-0.02297663772241173,-0.022562879594069725,-0.022562879594069725
2025-04-30,-0.004347525390567972,-0.004347525390567972,-0.004347525390567972,-0.004347525390567972,0.012676885163399428,0.012676885163399428,0.012676885163399428,0.012676885163399428,0.008620083016231217,0.008620083016231217,0.008620083016231217,0.008620083016231217,0.026227003684428384,0.026227003684428384,0.026227003684428384,0.026227003684428384,0.004672239561911107,0.004672239561911107,0.004672239561911107,0.004672239561911107,0.01745580841886266,0.01745580841886266,0.01745580841886266,0.01745580841886266,0.009429784244077331,0.009429784244077331,0.009429784244077331,0.009429784244077331,0.019103302686400328,0.019103302686400328,0.019103302686400328,0.019103302686400328,0.00801736121217123,0.00801736121217123,0.003101040335056271,0.003101040335056271,0.013538900194008326,0.013538900194008326,0.009496217984779048,0.009496217984779048,0.010451342187929397,0.010451342187929397,0.0080007713808369,0.0080007713808369,0.01394748892188419,0.01394748892188419,0.01308779809836413,0.01308779809836413
2025-05-30,0.07482169621707778,0.046837143285266496,0.07482169621707778,0.046837143285266496,0.061726438874799235,0.04397203185536854,0.061726438874799235,0.04397203185536854,0.0492288506019064,0.04628333541935443,0.0492288506019064,0.04628333541935443,0.05346021685257876,0.04409955771556179,0.05346021685257876,0.04409955771556179,0.053195557929226416,0.05041830384196365,0.053195557929226416,0.05041830384196365,0.05775990353329031,0.04838920804578781,0.05775990353329031,0.04838920804578781,0.051677665401606,0.04925462308002506,0.051677665401606,0.04925462308002506,0.05415591680033332,0.046877685940237966,0.05415591680033332,0.046877685940237966,0.056481618651716026,0.04961935861608631,0.05638161865171602,0.04953210199179539,0.05859575956621577,0.047959955098847366,0.05851441653068906,0.04789102839123804,0.05614407257434066,0.04889522161043183,0.056064072574340665,0.048826058567030275,0.056774204979040795,0.04688322370131162,0.05671769492474154,0.04682420709874639
2025-06-30,0.06371200214480881,0.04197771032285209,0.06371200214480881,0.04197771032285209,0.05708252467148033,0.041257546460788046,0.05708252467148033,0.041257546460788046,0.0674554884679773,0.04759405911396009,0.0674554884679773,0.04759405911396009,0.06332269184022106,0.04985634454104757,0.06332269184022106,0.04985634454104757,0.07177182374533292,0.051125616103331474,0.07177182374533292,0.051125616103331474,0.06753263711067216,0.05264562348776626,0.06753263711067216,0.05264562348776626,0.0659549269884998,0.0487330942099781,0.0659549269884998,0.0487330942099781,0.0621336472428706,0.04953695572316152,0.0621336472428706,0.04953695572316152,0.0622695114139562,0.04535366004744401,0.0622695114139562,0.04535366004744401,0.05896042835258684,0.04538533246108674,0.05896042835258684,0.04538533246108674,0.05921360330150843,0.04227733113053457,0.05921360330150843,0.04227733113053457,0.056272377549076755,0.04211626414752772,0.056272377549076755,0.04211626414752772
2025-07-31,0.04469585212665189,0.025158037097498625,0.04469585212665189,0.025158037097498625,0.03249903833442133,0.021211651613503572,0.03249903833442133,0.021211651613503572,0.03762831779624693,0.023030805082996278,0.03762831779624693,0.023030805082996278,0.02779691502679894,0.019362913212775033,0.02779691502679894,0.019362913212775033,0.036012597732946454,0.02337444979289561,0.036012597732946454,0.02337444979289561,0.027787715166626314,0.020195293203402066,0.027787715166626314,0.020195293203402066,0.03439783564750231,0.02497732046633724,0.03439783564750231,0.02497732046633724,0.02932997299479959,0.023625801808235147,0.02932997299479959,0.023625801808235147,0.02350743330079299,0.018647345508703124,0.02350743330079299,0.018647345508703124,0.01845242215614193,0.01595963331640343,0.01845242215614193,0.01595963331640343,0.01890398930751291,0.015399328374419789,0.01890398930751291,0.015399328374419789,0.015362125625837398,0.01342637158609852,0.015362125625837398,0.01342637158609852
2025-08-29,-0.014649506152483074,-0.011144296766214019,-0.014649506152483074,-0.011144296766214019,0.011904748500188087,0.011694800384615277,0.011904748500188087,0.011694800384615277,0.015073340325326206,0.014674704307360294,0.015073340325326206,0.014674704307360294,0.03371548415276003,0.03357109498967949,0.03371548415276003,0.03357109498967949,0.032763635089495896,0.03048910785363865,0.032763635089495896,0.03048910785363865,0.04072798209062673,0.04061742022374555,0.04072798209062673,0.04061742022374555,0.032444600760448854,0.03230251174346831,0.032444600760448854,0.03230251174346831,0.0394318949014164,0.03941136025729477,0.0394318949014164,0.03941136025729477,0.024844748511256547,0.02474785352261514,0.024844748511256547,0.02474785352261514,0.02900526994386006,0.02902645857812962,0.02900526994386006,0.02902645857812962,0.03825808238398495,0.03814078272934529,0.03825808238398495,0.03814078272934529,0.03847205537173426,0.038470685275781444,0.03847205537173426,0.038470685275781444
2025-09-30,0.12063180975315059,0.0771850526277014,0.12063180975315059,0.0771850526277014,0.11281982059097921,0.08614352049844377,0.11281982059097921,0.08614352049844377,0.13257701174592468,0.09375236209689544,0.13257701174592468,0.09375236209689544,0.12921829331940865,0.10866993209865769,0.12921829331940865,0.10866993209865769,0.1301204963512935,0.0988699159349725,0.1301204963512935,0.0988699159349725,0.12116968018736855,0.1120388786649206,0.12116968018736855,0.1120388786649206,0.11192260392979685,0.0997901559819132,0.11192260392979685,0.0997901559819132,0.09290530793948133,0.09290530793948133,0.09290530793948133,0.09290530793948133,0.09415052422425023,0.09415052422425023,0.09415052422425023,0.09415052422425023,0.07557191567695186,0.07557191567695186,0.07557191567695186,0.07557191567695186,0.09606906649399755,0.09606906649399755,0.09606906649399755,0.09606906649399755,0.07978786307313425,0.07978786307313425,0.07978786307313425,0.07978786307313425
2025-10-31,0.032456337534808935,0.013766027014831612,0.032456337534808935,0.013766027014831612,0.018985019471717303,0.017350445375720024,0.018985019471717303,0.017350445375720024,0.01775127680808065,0.009347038771562958,0.01775127680808065,0.009347038771562958,0.005624385440675846,0.005400765147956012,0.005624385440675846,0.005400765147956012,0.006119127991989061,0.004534838986985915,0.006119127991989061,0.004534838986985915,-0.004565558808409233,-0.004506961551318949,-0.004565558808409233,-0.004506961551318949,0.01147571584206958,0.007906272507047929,0.01147571584206958,0.007906272507047929,-0.0034939531625652097,-0.0034939531625652097,-0.0034939531625652097,-0.0034939531625652097,0.028670207451516876,0.022665792373118186,0.028670207451516876,0.022665792373118186,0.017246132655640307,0.017246132655640307,0.017246132655640307,0.017246132655640307,0.02999557050801743,0.02738848692659606,0.02999557050801743,0.02738848692659606,0.021737199919866994,0.021737199919866994,0.021737199919866994,0.021737199919866994
2025-11-28,-0.044262913492829487,-0.013789864138909088,-0.044262913492829487,-0.013789864138909088,-0.03976303292093208,-0.028038959219004445,-0.03976303292093208,-0.028038959219004445,-0.023562907636014308,-0.008482078564063317,-0.023562907636014308,-0.008482078564063317,-0.003404654597232061,-0.0031071297633182273,-0.003404654597232061,-0.0031071297633182273,-0.014760546587652783,-0.006208552536350664,-0.014760546587652783,-0.006208552536350664,0.007109299206820021,0.0071165912266337285,0.007109299206820021,0.0071165912266337285,0.004230415078566155,0.0037167445090738544,0.004230415078566155,0.0037167445090738544,0.023793577277613272,0.023793577277613272,0.023793577277613272,0.023793577277613272,0.00432174824173883,0.003867154757667682,0.00432174824173883,0.003867154757667682,0.02112950065112592,0.02112950065112592,0.02112950065112592,0.02112950065112592,0.0036063192837434456,0.0034767204328104177,0.0036063192837434456,0.0034767204328104177,0.017725406680602365,0.017725406680602365,0.017725406680602365,0.017725406680602365
2025-12-31,0.0544425220213465,0.04011002078238272,0.0544425220213465,0.04011002078238272,0.06014114949423378,0.05589779599303862,0.06014114949423378,0.05589779599303862,0.04978311032039792,0.04260655096375547,0.04978311032039792,0.04260655096375547,0.05080507130963093,0.05084466016803386,0.05080507130963093,0.05084466016803386,0.04468307552060446,0.04396970805454774,0.04468307552060446,0.04396970805454774,0.04751557894686441,0.04751557894686441,0.04751557894686441,0.04751557894686441,0.04467147713794079,0.044444944445932714,0.04467147713794079,0.044444944445932714,0.047372471715880576,0.047372471715880576,0.047372471715880576,0.047372471715880576,0.043769408279753605,0.040160992437411204,0.043769408279753605,0.040160992437411204,0.0511583948135052,0.0511583948135052,0.0511583948135052,0.0511583948135052,0.05081032555305948,0.04824965360995294,0.05081032555305948,0.04824965360995294,0.05519379903947227,0.05519379903947227,0.05519379903947227,0.05519379903947227
2026-01-30,0.13149859736506586,0.08574751996812455,0.13149859736506586,0.08574751996812455,0.12729976140973012,0.09480149988233937,0.12729976140973012,0.09480149988233937,0.12577774861908492,0.08422672995443628,0.12577774861908492,0.08422672995443628,0.12058374834347754,0.09006700734435803,0.12058374834347754,0.09006700734435803,0.12296702081130481,0.09035368285882141,0.12296702081130481,0.09035368285882141,0.10879992957288528,0.09546622834043096,0.10879992957288528,0.09546622834043096,0.11479736182921584,0.09766496159109067,0.11479736182921584,0.09766496159109067,0.10008459692619633,0.10008459692619633,0.10008459692619633,0.10008459692619633,0.11829548253400855,0.09776936574843914,0.11829548253400855,0.09776936574843914,0.10237168762840887,0.10237168762840887,0.10237168762840887,0.10237168762840887,0.11222503258434756,0.10269127634961907,0.11222503258434756,0.10269127634961907,0.09599685290333336,0.09599685290333336,0.09599685290333336,0.09599685290333336
2026-02-27,0.13660799429103967,0.07434806625887627,0.13660799429103967,0.07434806625887627,0.11535134958352053,0.08035994652363225,0.11535134958352053,0.08035994652363225,0.09620857587033438,0.052904825484377624,0.09620857587033438,0.052904825484377624,0.09344017503830712,0.0631655475733408,0.09344017503830712,0.0631655475733408,0.08322860931042277,0.04739667948973641,0.08322860931042277,0.04739667948973641,0.07985373418934491,0.0540702488644934,0.07985373418934491,0.0540702488644934,0.057421296462577646,0.03687008594794759,0.057421296462577646,0.03687008594794759,0.041833948203295626,0.033615863584837535,0.041833948203295626,0.033615863584837535,0.05602341548791518,0.0399004453138471,0.05602341548791518,0.0399004453138471,0.042395734005336506,0.03912222736926626,0.042395734005336506,0.03912222736926626,0.051734154127076264,0.040286845521359756,0.051734154127076264,0.040286845521359756,0.03855555903164089,0.03855555903164089,0.03855555903164089,0.03855555903164089
2026-03-31,-0.17210844802234493,-0.08014940591188438,-0.17210844802234493,-0.08014940591188438,-0.16345744241635488,-0.09916451405584388,-0.16345744241635488,-0.09916451405584388,-0.16827674633243908,-0.07826724906224079,-0.16827674633243908,-0.07826724906224079,-0.1600137953465982,-0.09559590562278178,-0.1600137953465982,-0.09559590562278178,-0.1540213483374498,-0.07536849887551278,-0.1540213483374498,-0.07536849887551278,-0.14524735031193894,-0.08802601527025823,-0.14524735031193894,-0.08802601527025823,-0.1351769291205554,-0.07169116938721892,-0.1351769291205554,-0.07169116938721892,-0.12542461572835661,-0.08091007135808967,-0.12542461572835661,-0.08091007135808967,-0.12956417155352284,-0.07386871511474104,-0.12956417155352284,-0.07386871511474104,-0.11939959098938079,-0.08276565131923,-0.11939959098938079,-0.08276565131923,-0.11612862230607554,-0.07693834052605461,-0.11612862230607554,-0.07693834052605461,-0.1017413123791612,-0.08819892149070424,-0.1017413123791612,-0.08819892149070424
2026-04-30,0.17775646303153272,0.07690799934302794,0.1911404684075065,0.07912462101128057,0.20728538242957628,0.0976692495110576,0.19500393341205877,0.09558361474139543,0.1528110602443073,0.06622263184348412,0.1864587339464604,0.08336543569291865,0.17878528657244394,0.08402585210854083,0.18843637292553447,0.09866154083518949,0.13520304355780338,0.06320335710196215,0.1645538531379512,0.07357393667535576,0.15075812260571736,0.07795391715710182,0.16927173386413247,0.08723063359179496,0.14523640495013793,0.08044205371453776,0.13971447061489828,0.07014618103376609,0.1503056567656181,0.0977032198421184,0.13031129425853888,0.08058765203894139,0.12826266199132622,0.08108808489022136,0.14494836059997993,0.08787693524552662,0.12942922054581074,0.09606458273283153,0.14207991444854662,0.10323629076134744,0.11199805339517054,0.08010262945375665,0.14146147259036915,0.09317544135713263,0.10424526952050299,0.09012736885277817,0.12718373214140807,0.10142864556094408
2026-05-29,0.18284605370148133,0.08613031684696398,0.15270204655537822,0.07508370750597723,0.17072555527785369,0.08707764272988441,0.12099460329664943,0.06854504597380584,0.12380753335109555,0.06783133701787945,0.13565671308160912,0.06765519878115671,0.12133891187362567,0.06932420240883914,0.11574647707946424,0.06500485659386676,0.10063047943476755,0.06066629348907562,0.09121134696933711,0.05972746547565335,0.10106796314156648,0.0626398886519252,0.08373235447778789,0.058853035192862106,0.07798400650839372,0.04829633239435846,0.08178559577172477,0.050680061268537996,0.06933314091853093,0.04522474129763961,0.07540731988684746,0.04943694684003235,0.07541296698907189,0.047951615158139366,0.06726706997783719,0.043565290967262034,0.07222814867304109,0.0487343287228851,0.058271636551541196,0.04096201967808266,0.07386856775584412,0.04978482494363066,0.06989913026032969,0.04739369761648117,0.06781167479811426,0.05024481913362227,0.06102366212986499,0.04565312834701251
